SUM of TEUs,,Type,,,,
Month of Date,Port,Export_Empty,Export_Loaded,Import_Empty,Import_Loaded,Total_TEU
January 2019,"Charleston, SC","45,712.00","63,750.00","8,120.00","88,107.00","205,689.00"
,"Houston, TX","20,698.00","87,961.00","10,975.00","95,318.00","214,952.00"
,"Long Beach, CA","209,870.00","117,288.00","6,290.00","323,838.00","657,286.00"
,"Los Angeles, CA","261,726.00","144,993.00","15,807.75","429,922.75","852,449.50"
,"NWSA (Seattle & Tacoma, WA)","60,043.00","72,859.00","15,978.00","128,615.00","277,495.00"
,"Oakland, CA","39,769.00","75,350.00","15,482.00","81,893.00","212,494.00"
,Port of NY & NJ,"182,337.00","111,833.00","1,016.00","327,345.00","622,531.00"
,"Port of Virginia, VA","50,538.00","77,948.00","1,868.00","109,757.00","240,111.00"
,"Savannah, GA","93,907.00","124,373.00","2,216.00","209,583.00","430,079.00"
January 2019 Total,,"964,600.00","876,355.00","77,752.75","1,794,378.75","3,713,086.50"
February 2019,"Charleston, SC","31,869.00","62,086.00","6,510.00","77,667.00","178,132.00"
,"Houston, TX","15,322.00","86,460.00","9,759.00","86,953.00","198,494.00"
,"Long Beach, CA","182,731.00","105,287.00","5,734.00","302,865.00","596,617.00"
,"Los Angeles, CA","198,201.50","142,554.50","16,234.80","348,315.75","705,306.55"
,"NWSA (Seattle & Tacoma, WA)","44,157.00","65,610.00","12,207.00","99,669.00","221,643.00"
,"Oakland, CA","33,662.00","67,837.00","14,209.00","69,977.00","185,685.00"
,Port of NY & NJ,"175,358.00","113,358.00",977.00,"295,523.00","585,216.00"
,"Port of Virginia, VA","44,038.00","76,642.00","2,115.00","105,357.00","228,152.00"
,"Savannah, GA","52,633.00","105,260.00","4,465.00","149,685.00","312,043.00"
February 2019 Total,,"777,971.50","825,094.50","72,210.80","1,536,011.75","3,211,288.55"
March 2019,"Charleston, SC","37,439.00","77,704.00","6,095.00","92,875.00","214,113.00"
,"Houston, TX","17,489.00","118,295.00","35,333.00","109,604.00","280,721.00"
,"Long Beach, CA","165,313.00","131,436.00","9,033.00","247,039.00","552,821.00"
,"Los Angeles, CA","180,999.50","158,923.75","13,866.95","297,186.95","650,977.15"
,"NWSA (Seattle & Tacoma, WA)","52,437.00","86,856.00","20,084.00","117,007.00","276,384.00"
,"Oakland, CA","30,533.00","88,202.00","20,523.00","74,714.00","213,972.00"
,Port of NY & NJ,"170,777.00","130,038.00","1,302.00","282,981.00","585,098.00"
,"Port of Virginia, VA","41,712.00","89,282.00","2,002.00","107,040.00","240,036.00"
,"Savannah, GA","59,089.00","155,083.00","9,785.00","186,369.00","410,326.00"
March 2019 Total,,"755,788.50","1,035,819.75","118,023.95","1,514,815.95","3,424,448.15"
April 2019,"Charleston, SC","35,969.00","73,295.00","7,682.00","87,675.00","204,621.00"
,"Houston, TX","18,230.00","106,654.00","27,182.00","100,627.00","252,693.00"
,"Long Beach, CA","179,721.00","123,804.00","6,713.00","317,883.00","628,121.00"
,"Los Angeles, CA","202,589.70","155,532.75","17,598.85","360,744.65","736,465.95"
,"NWSA (Seattle & Tacoma, WA)","56,604.00","81,305.00","15,221.00","112,652.00","265,782.00"
,"Oakland, CA","36,357.00","79,291.00","19,652.00","80,702.00","216,002.00"
,Port of NY & NJ,"174,577.00","131,311.00","1,550.00","297,825.00","605,263.00"
,"Port of Virginia, VA","38,580.00","85,378.00","2,710.00","119,266.00","245,934.00"
,"Savannah, GA","51,707.00","129,726.00","7,386.00","175,661.00","364,480.00"
April 2019 Total,,"794,334.70","966,296.75","105,694.85","1,653,035.65","3,519,361.95"
May 2019,"Charleston, SC","38,875.00","71,399.00","6,175.00","88,009.00","204,458.00"
,"Houston, TX","17,953.00","116,693.00","21,289.00","107,126.00","263,061.00"
,"Long Beach, CA","157,592.00","120,577.00","4,887.00","290,568.00","573,624.00"
,"Los Angeles, CA","220,991.50","167,357.25","12,524.40","427,789.00","828,662.15"
,"NWSA (Seattle & Tacoma, WA)","51,252.00","70,541.00","13,121.00","111,730.00","246,644.00"
,"Oakland, CA","42,363.00","78,070.00","16,699.00","85,970.00","223,102.00"
,Port of NY & NJ,"169,448.00","132,315.00","1,263.00","340,680.00","643,706.00"
,"Port of Virginia, VA","51,173.00","88,065.00","2,064.00","119,592.00","260,894.00"
,"Savannah, GA","58,461.00","126,895.00","2,773.00","185,265.00","373,394.00"
May 2019 Total,,"808,108.50","971,912.25","80,795.40","1,756,729.00","3,617,545.15"
June 2019,"Charleston, SC","39,463.00","66,496.00","8,371.00","86,076.00","200,406.00"
,"Houston, TX","19,897.00","106,429.00","20,003.00","105,159.00","251,488.00"
,"Long Beach, CA","205,497.00","133,833.00","6,221.00","331,617.00","677,168.00"
,"Los Angeles, CA","219,635.25","139,318.00","9,517.50","396,306.50","764,777.25"
,"NWSA (Seattle & Tacoma, WA)","59,432.00","76,559.00","13,320.00","122,645.00","271,956.00"
,"Oakland, CA","35,113.00","74,901.00","12,822.00","80,895.00","203,731.00"
,Port of NY & NJ,"185,055.00","122,663.00","1,601.00","301,708.00","611,027.00"
,"Port of Virginia, VA","48,622.00","76,535.00","1,508.00","112,664.00","239,329.00"
,"Savannah, GA","69,056.00","119,295.00","4,756.00","168,799.00","361,906.00"
June 2019 Total,,"881,770.25","916,029.00","78,119.50","1,705,869.50","3,581,788.25"
July 2019,"Charleston, SC","38,174.00","72,126.00","7,535.00","92,707.00","210,542.00"
,"Houston, TX","24,035.00","104,470.00","20,426.00","111,062.00","259,993.00"
,"Long Beach, CA","191,914.00","111,654.00","4,862.00","313,350.00","621,780.00"
,"Los Angeles, CA","263,209.00","161,340.25","11,166.70","476,438.20","912,154.15"
,"NWSA (Seattle & Tacoma, WA)","52,580.00","73,828.00","8,965.00","122,946.00","258,319.00"
,"Oakland, CA","36,266.00","76,414.00","14,913.00","90,598.00","218,191.00"
,Port of NY & NJ,"206,251.00","118,015.00","1,756.00","336,972.00","662,994.00"
,"Port of Virginia, VA","56,696.00","80,955.00","2,649.00","125,260.00","265,560.00"
,"Savannah, GA","66,491.00","117,790.00","5,401.00","197,341.00","387,023.00"
July 2019 Total,,"935,616.00","916,592.25","77,673.70","1,866,674.20","3,796,556.15"
August 2019,"Charleston, SC","48,363.00","73,927.00","7,599.00","103,221.00","233,110.00"
,"Houston, TX","22,418.00","109,388.00","16,986.00","110,318.00","259,110.00"
,"Long Beach, CA","209,078.00","124,975.00","7,160.00","322,780.00","663,993.00"
,"Los Angeles, CA","265,711.00","146,284.00","11,472.55","437,613.25","861,080.80"
,"NWSA (Seattle & Tacoma, WA)","58,749.00","74,852.00","9,929.00","112,267.00","255,797.00"
,"Oakland, CA","44,938.00","75,080.00","16,195.00","88,325.00","224,538.00"
,Port of NY & NJ,"207,875.00","127,237.00","1,932.00","342,541.00","679,585.00"
,"Port of Virginia, VA","54,405.00","80,655.00","1,073.00","121,542.00","257,675.00"
,"Savannah, GA","89,076.00","125,558.00","6,095.00","217,017.00","437,746.00"
August 2019 Total,,"1,000,613.00","937,956.00","78,441.55","1,855,624.25","3,872,634.80"
September 2019,"Charleston, SC","39,408.00","61,494.00","3,935.00","90,111.00","194,948.00"
,"Houston, TX","20,777.00","102,309.00","22,168.00","106,270.00","251,524.00"
,"Long Beach, CA","224,215.00","123,215.00","4,606.00","354,919.00","706,955.00"
,"Los Angeles, CA","234,453.50","130,768.50","12,360.90","402,319.85","779,902.75"
,"NWSA (Seattle & Tacoma, WA)","56,313.00","82,148.00","9,619.00","131,451.00","279,531.00"
,"Oakland, CA","37,332.00","72,058.00","12,249.00","84,906.00","206,545.00"
,Port of NY & NJ,"191,143.00","116,231.00","1,721.00","315,866.00","624,961.00"
,"Port of Virginia, VA","52,766.00","71,561.00","2,447.00","114,643.00","241,417.00"
,"Savannah, GA","69,683.00","107,972.00","8,879.00","183,466.00","370,000.00"
September 2019 Total,,"926,090.50","867,756.50","77,984.90","1,783,951.85","3,655,783.75"
October 2019,"Charleston, SC","45,191.00","69,952.00","6,914.00","95,302.00","217,359.00"
,"Houston, TX","20,904.00","109,362.00","17,720.00","110,585.00","258,571.00"
,"Long Beach, CA","214,574.00","131,635.00","5,155.00","337,062.00","688,426.00"
,"Los Angeles, CA","227,431.50","140,331.50","9,656.90","392,768.60","770,188.50"
,"NWSA (Seattle & Tacoma, WA)","49,468.00","79,321.00","13,072.00","109,469.00","251,330.00"
,"Oakland, CA","23,234.00","87,393.00","15,671.00","78,583.00","204,881.00"
,Port of NY & NJ,"198,173.00","127,256.00","1,509.00","339,443.00","666,381.00"
,"Port of Virginia, VA","57,427.00","83,557.00","1,850.00","124,142.00","266,976.00"
,"Savannah, GA","93,250.00","127,971.00","7,678.00","199,483.00","428,382.00"
October 2019 Total,,"929,652.50","956,778.50","79,225.90","1,786,837.60","3,752,494.50"
November 2019,"Charleston, SC","34,357.00","62,831.00","4,955.00","82,785.00","184,928.00"
,"Houston, TX","14,129.00","107,927.00","22,188.00","101,494.00","245,738.00"
,"Long Beach, CA","176,730.00","123,705.00","6,263.00","293,287.00","599,985.00"
,"Los Angeles, CA","209,935.75","138,544.50","9,087.95","371,349.70","728,917.90"
,"NWSA (Seattle & Tacoma, WA)","33,655.00","73,589.00","13,570.00","94,978.00","215,792.00"
,"Oakland, CA","19,743.00","81,780.00","18,470.00","77,367.00","197,360.00"
,Port of NY & NJ,"177,744.00","119,422.00","1,337.00","301,123.00","599,626.00"
,"Port of Virginia, VA","44,992.00","77,241.00","1,339.00","103,410.00","226,982.00"
,"Savannah, GA","62,592.00","119,126.00","7,383.00","173,863.00","362,964.00"
November 2019 Total,,"773,877.75","904,165.50","84,592.95","1,599,656.70","3,362,292.90"
December 2019,"Charleston, SC","37,829.00","61,903.00","6,371.00","81,779.00","187,882.00"
,"Houston, TX","15,322.00","109,721.00","28,513.00","100,274.00","253,830.00"
,"Long Beach, CA","208,852.00","125,395.00","7,783.00","323,231.00","665,261.00"
,"Los Angeles, CA","232,727.00","130,228.50","10,283.25","373,511.00","746,749.75"
,"NWSA (Seattle & Tacoma, WA)","43,299.00","75,868.00","12,688.00","105,823.00","237,678.00"
,"Oakland, CA","23,668.00","74,643.00","14,372.00","81,281.00","193,964.00"
,Port of NY & NJ,"183,467.00","110,768.00","1,544.00","288,964.00","584,743.00"
,"Port of Virginia, VA","41,854.00","78,285.00","1,052.00","103,711.00","224,902.00"
,"Savannah, GA","68,002.00","111,324.00","9,385.00","172,124.00","360,835.00"
December 2019 Total,,"855,020.00","878,135.50","91,991.25","1,630,698.00","3,455,844.75"
January 2020,"Charleston, SC","44,752.00","68,505.00","7,098.00","90,665.00","211,020.00"
,"Houston, TX","14,692.00","118,782.00","30,252.00","105,047.00","268,773.00"
,"Long Beach, CA","200,807.00","108,624.00","7,437.00","309,961.00","626,829.00"
,"Los Angeles, CA","232,176.25","148,206.00","11,030.65","414,730.85","806,143.75"
,"NWSA (Seattle & Tacoma, WA)","39,248.00","66,410.00","10,709.00","102,878.00","219,245.00"
,"Oakland, CA","29,334.00","77,932.00","16,115.00","87,869.00","211,250.00"
,Port of NY & NJ,"173,892.00","118,488.00","2,001.00","322,643.00","617,024.00"
,"Port of Virginia, VA","36,656.00","79,328.00","2,366.00","108,884.00","227,234.00"
,"Savannah, GA","60,000.00","121,960.00","6,950.00","188,762.00","377,672.00"
January 2020 Total,,"831,557.25","908,235.00","93,958.65","1,731,439.85","3,565,190.75"
February 2020,"Charleston, SC","29,117.00","74,235.00","5,684.00","88,178.00","197,214.00"
,"Houston, TX","10,137.00","110,854.00","44,560.00","89,923.00","255,474.00"
,"Long Beach, CA","154,986.00","125,559.00","9,291.00","248,592.00","538,428.00"
,"Los Angeles, CA","130,833.75","134,468.50","8,710.00","270,025.05","544,037.30"
,"NWSA (Seattle & Tacoma, WA)","39,591.00","68,553.00","12,570.00","91,660.00","212,374.00"
,"Oakland, CA","20,520.00","78,280.00","17,858.00","63,568.00","180,226.00"
,Port of NY & NJ,"163,564.00","113,801.00","1,314.00","300,445.00","579,124.00"
,"Port of Virginia, VA","27,918.00","80,834.00","1,505.00","97,559.00","207,816.00"
,"Savannah, GA","57,404.00","125,953.00","11,042.00","170,007.00","364,406.00"
February 2020 Total,,"634,070.75","912,537.50","112,534.00","1,419,957.05","3,079,099.30"
March 2020,"Charleston, SC","28,911.00","73,077.00","7,625.00","76,019.00","185,632.00"
,"Houston, TX","8,118.00","114,972.00","37,448.00","88,302.00","248,840.00"
,"Long Beach, CA","125,300.00","145,442.00","12,352.00","234,570.00","517,664.00"
,"Los Angeles, CA","96,815.00","121,146.00","11,352.75","220,254.55","449,568.30"
,"NWSA (Seattle & Tacoma, WA)","22,167.00","79,395.00","16,317.00","84,035.00","201,914.00"
,"Oakland, CA","17,282.00","83,782.00","22,090.00","67,035.00","190,189.00"
,Port of NY & NJ,"150,702.00","136,780.00","1,837.00","271,511.00","560,830.00"
,"Port of Virginia, VA","26,347.00","90,761.00","3,078.00","99,129.00","219,315.00"
,"Savannah, GA","36,685.00","136,774.00","15,296.00","147,034.00","335,789.00"
March 2020 Total,,"512,327.00","982,129.00","127,395.75","1,287,889.55","2,909,741.30"
April 2020,"Charleston, SC","31,463.00","56,611.00","5,178.00","82,899.00","176,151.00"
,"Houston, TX","11,276.00","91,808.00","18,422.00","100,034.00","221,540.00"
,"Long Beach, CA","145,931.00","102,502.00","17,758.00","253,540.00","519,731.00"
,"Los Angeles, CA","184,491.75","130,321.25","4,075.00","370,111.00","688,999.00"
,"NWSA (Seattle & Tacoma, WA)","23,847.00","66,955.00","6,173.00","96,992.00","193,967.00"
,"Oakland, CA","19,981.00","82,164.00","19,770.00","80,003.00","201,918.00"
,Port of NY & NJ,"177,254.00","97,312.00","1,289.00","284,074.00","559,929.00"
,"Port of Virginia, VA","32,605.00","71,158.00","3,171.00","100,310.00","207,244.00"
,"Savannah, GA","42,486.00","120,852.00","7,874.00","166,679.00","337,891.00"
April 2020 Total,,"669,334.75","819,683.25","83,710.00","1,534,642.00","3,107,370.00"
May 2020,"Charleston, SC","32,400.00","58,972.00","5,262.00","73,072.00","169,706.00"
,"Houston, TX","13,244.00","100,538.00","8,959.00","99,509.00","222,250.00"
,"Long Beach, CA","171,841.00","134,556.00","9,219.00","312,590.00","628,206.00"
,"Los Angeles, CA","170,916.75","104,382.00",43.00,"306,323.00","581,664.75"
,"NWSA (Seattle & Tacoma, WA)","29,583.00","59,595.00","8,123.00","86,129.00","183,430.00"
,"Oakland, CA","25,444.00","69,720.00","17,008.00","73,423.00","185,595.00"
,Port of NY & NJ,"174,942.00","95,462.00","1,004.00","266,004.00","537,412.00"
,"Port of Virginia, VA","39,940.00","72,160.00","2,068.00","87,669.00","201,837.00"
,"Savannah, GA","52,664.00","122,271.00","7,695.00","154,730.00","337,360.00"
May 2020 Total,,"710,974.75","817,656.00","59,381.00","1,459,449.00","3,047,460.75"
June 2020,"Charleston, SC","25,021.00","57,935.00","3,762.00","69,775.00","156,493.00"
,"Houston, TX","9,392.00","97,635.00","17,002.00","86,903.00","210,932.00"
,"Long Beach, CA","172,628.00","117,538.00","11,300.00","300,714.00","602,180.00"
,"Los Angeles, CA","212,632.75","109,585.75",68.00,"369,188.90","691,475.40"
,"NWSA (Seattle & Tacoma, WA)","40,903.00","70,431.00","6,939.00","104,115.00","222,388.00"
,"Oakland, CA","30,007.00","70,638.00","15,902.00","82,464.00","199,011.00"
,Port of NY & NJ,"146,701.00","97,769.00","2,782.00","264,054.00","511,306.00"
,"Port of Virginia, VA","41,841.00","71,591.00","1,735.00","95,502.00","210,669.00"
,"Savannah, GA","52,357.00","117,424.00","7,143.00","161,363.00","338,287.00"
June 2020 Total,,"731,482.75","810,546.75","66,633.00","1,534,078.90","3,142,741.40"
July 2020,"Charleston, SC","35,140.00","57,628.00","2,676.00","81,530.00","176,974.00"
,"Houston, TX","12,212.00","98,509.00","21,677.00","102,339.00","234,737.00"
,"Long Beach, CA","224,918.00","138,602.00","12,755.00","376,807.00","753,082.00"
,"Los Angeles, CA","272,838.70","126,353.70","1,168.00","456,028.70","856,389.10"
,"NWSA (Seattle & Tacoma, WA)","40,352.00","56,547.00","5,984.00","103,389.00","206,272.00"
,"Oakland, CA","39,651.00","71,525.00","11,484.00","96,420.00","219,080.00"
,Port of NY & NJ,"175,859.00","102,740.00","2,785.00","326,079.00","607,463.00"
,"Port of Virginia, VA","45,384.00","68,594.00","1,359.00","105,692.00","221,029.00"
,"Savannah, GA","55,175.00","112,464.00","7,509.00","185,548.00","360,696.00"
July 2020 Total,,"901,529.70","832,962.70","67,397.00","1,833,832.70","3,635,722.10"
August 2020,"Charleston, SC","42,817.00","66,825.00","2,230.00","96,965.00","208,837.00"
,"Houston, TX","21,394.00","98,552.00","11,970.00","116,714.00","248,630.00"
,"Long Beach, CA","220,951.00","126,177.00","13,691.00","364,792.00","725,611.00"
,"Los Angeles, CA","313,379.25","131,428.75",738.80,"516,285.95","961,832.75"
,"NWSA (Seattle & Tacoma, WA)","46,533.00","54,918.00","5,291.00","107,890.00","214,632.00"
,"Oakland, CA","41,215.00","76,144.00","11,866.00","96,264.00","225,489.00"
,Port of NY & NJ,"216,430.00","103,067.00","1,981.00","366,887.00","688,365.00"
,"Port of Virginia, VA","50,160.00","75,325.00",950.00,"120,914.00","247,349.00"
,"Savannah, GA","92,615.00","115,665.00","5,779.00","227,537.00","441,596.00"
August 2020 Total,,"1,045,494.25","848,101.75","54,496.80","2,014,248.95","3,962,341.75"
September 2020,"Charleston, SC","38,804.00","60,245.00","5,653.00","90,399.00","195,101.00"
,"Houston, TX","29,781.00","92,415.00","10,701.00","121,508.00","254,405.00"
,"Long Beach, CA","266,071.00","112,556.00","11,335.00","405,618.00","795,580.00"
,"Los Angeles, CA","276,546.50","130,396.75","4,887.05","471,794.50","883,624.80"
,"NWSA (Seattle & Tacoma, WA)","50,494.00","66,939.00","6,878.00","122,543.00","246,854.00"
,"Oakland, CA","41,440.00","75,674.00","14,779.00","93,914.00","225,807.00"
,Port of NY & NJ,"229,523.00","114,690.00","2,107.00","374,649.00","720,969.00"
,"Port of Virginia, VA","57,704.00","75,526.00","2,094.00","121,115.00","256,439.00"
,"Savannah, GA","89,992.00","105,229.00","4,400.00","212,517.00","412,138.00"
September 2020 Total,,"1,080,355.50","833,670.75","62,834.05","2,014,057.50","3,990,917.80"
October 2020,"Charleston, SC","44,717.00","69,093.00","5,824.00","96,563.00","216,197.00"
,"Houston, TX","50,979.00","97,185.00","12,871.00","135,175.00","296,210.00"
,"Long Beach, CA","274,988.00","114,679.00","14,528.00","402,408.00","806,603.00"
,"Los Angeles, CA","325,980.00","143,935.75","4,199.60","506,613.20","980,728.55"
,"NWSA (Seattle & Tacoma, WA)","51,634.00","64,282.00","8,165.00","114,659.00","238,740.00"
,"Oakland, CA","29,000.00","86,942.00","13,970.00","86,753.00","216,665.00"
,Port of NY & NJ,"231,741.00","118,281.00","2,312.00","403,103.00","755,437.00"
,"Port of Virginia, VA","57,644.00","83,705.00","1,096.00","131,770.00","274,215.00"
,"Savannah, GA","107,878.00","117,148.00","5,854.00","233,215.00","464,095.00"
October 2020 Total,,"1,174,561.00","895,250.75","68,819.60","2,110,259.20","4,248,890.55"
November 2020,"Charleston, SC","45,090.00","64,447.00","4,161.00","93,369.00","207,067.00"
,"Houston, TX","29,682.00","102,755.00","8,018.00","122,475.00","262,930.00"
,"Long Beach, CA","240,447.00","117,283.00","13,117.00","382,677.00","753,524.00"
,"Los Angeles, CA","292,762.25","130,916.50","1,247.70","464,819.70","889,746.15"
,"NWSA (Seattle & Tacoma, WA)","48,668.00","72,746.00","10,754.00","117,151.00","249,319.00"
,"Oakland, CA","23,647.00","79,667.00","16,333.00","78,048.00","197,695.00"
,Port of NY & NJ,"233,904.00","118,762.00","3,307.00","382,912.00","738,885.00"
,"Port of Virginia, VA","64,844.00","89,032.00",778.00,"125,214.00","279,868.00"
,"Savannah, GA","111,707.00","113,357.00","5,158.00","234,583.00","464,805.00"
November 2020 Total,,"1,090,751.25","888,965.50","62,873.70","2,001,248.70","4,043,839.15"
December 2020,"Charleston, SC","43,990.00","67,239.00","4,810.00","93,568.00","209,607.00"
,"Houston, TX","26,619.00","106,908.00","14,323.00","128,593.00","276,443.00"
,"Long Beach, CA","263,852.00","132,374.00","13,588.00","406,072.00","815,886.00"
,"Los Angeles, CA","296,265.75","120,265.00","1,790.30","460,865.00","879,186.05"
,"NWSA (Seattle & Tacoma, WA)","52,842.00","63,849.00","7,434.00","122,469.00","246,594.00"
,"Oakland, CA","27,718.00","75,330.00","15,074.00","90,218.00","208,340.00"
,Port of NY & NJ,"243,938.00","103,891.00","2,921.00","358,325.00","709,075.00"
,"Port of Virginia, VA","53,175.00","82,670.00","1,338.00","123,218.00","260,401.00"
,"Savannah, GA","111,791.00","105,796.00","5,283.00","224,650.00","447,520.00"
December 2020 Total,,"1,120,190.75","858,322.00","66,561.30","2,007,978.00","4,053,052.05"
January 2021,"Charleston, SC","48,224.00","67,937.00","4,626.00","95,478.00","216,265.00"
,"Houston, TX","23,503.00","99,694.00","10,264.00","121,578.00","255,039.00"
,"Long Beach, CA","270,221.00","116,254.00","13,277.00","364,255.00","764,007.00"
,"Los Angeles, CA","278,326.25","119,326.75",254.00,"437,609.20","835,516.20"
,"NWSA (Seattle & Tacoma, WA)","60,251.00","58,189.00","6,662.00","114,083.00","239,185.00"
,"Oakland, CA","36,428.00","69,147.00","16,120.00","77,403.00","199,098.00"
,Port of NY & NJ,"239,509.00","108,738.00","1,645.00","371,392.00","721,284.00"
,"Port of Virginia, VA","54,730.00","84,688.00",774.00,"130,777.00","270,969.00"
,"Savannah, GA","110,099.00","113,365.00","3,498.00","232,645.00","459,607.00"
January 2021 Total,,"1,121,291.25","837,338.75","57,120.00","1,945,220.20","3,960,970.20"
February 2021,"Charleston, SC","29,293.00","67,411.00","3,666.00","81,899.00","182,269.00"
,"Houston, TX","17,227.00","79,840.00","9,262.00","92,434.00","198,763.00"
,"Long Beach, CA","265,431.00","119,416.00","13,132.00","373,756.00","771,735.00"
,"Los Angeles, CA","283,952.75","101,208.15","1,270.25","412,884.25","799,315.40"
,"NWSA (Seattle & Tacoma, WA)","47,260.00","60,525.00","5,808.00","103,648.00","217,241.00"
,"Oakland, CA","28,301.00","69,525.00","12,464.00","80,199.00","190,489.00"
,Port of NY & NJ,"193,956.00","94,698.00","2,290.00","334,176.00","625,120.00"
,"Port of Virginia, VA","48,494.00","87,466.00","2,292.00","110,274.00","248,526.00"
,"Savannah, GA","86,410.00","111,045.00","3,672.00","189,677.00","390,804.00"
February 2021 Total,,"1,000,324.75","791,134.15","53,856.25","1,778,947.25","3,624,262.40"
March 2021,"Charleston, SC","46,872.00","79,077.00","8,981.00","113,867.00","248,797.00"
,"Houston, TX","37,869.00","106,745.00","18,524.00","134,259.00","297,397.00"
,"Long Beach, CA","279,016.00","139,710.00","13,488.00","408,172.00","840,386.00"
,"Los Angeles, CA","341,235.00","122,899.00","3,350.25","490,115.00","957,599.25"
,"NWSA (Seattle & Tacoma, WA)","51,242.00","72,875.00","8,435.00","142,931.00","275,483.00"
,"Oakland, CA","28,624.00","94,169.00","21,139.00","97,536.00","241,468.00"
,Port of NY & NJ,"267,542.00","126,699.00","2,376.00","393,159.00","789,776.00"
,"Port of Virginia, VA","51,092.00","94,846.00","3,510.00","130,066.00","279,514.00"
,"Savannah, GA","107,260.00","135,283.00","6,127.00","249,395.00","498,065.00"
March 2021 Total,,"1,210,752.00","972,303.00","85,930.25","2,159,500.00","4,428,485.25"
April 2021,"Charleston, SC","42,252.00","73,333.00","4,497.00","105,054.00","225,136.00"
,"Houston, TX","40,809.00","91,766.00","14,431.00","128,834.00","275,840.00"
,"Long Beach, CA","243,392.00","124,069.00","11,577.00","367,151.00","746,189.00"
,"Los Angeles, CA","337,836.25","114,448.50","4,554.75","490,126.85","946,966.35"
,"NWSA (Seattle & Tacoma, WA)","55,216.00","59,729.00","5,367.00","121,294.00","241,606.00"
,"Oakland, CA","25,659.00","80,290.00","14,003.00","101,886.00","221,838.00"
,Port of NY & NJ,"229,295.00","121,671.00","2,568.00","359,265.00","712,799.00"
,"Port of Virginia, VA","50,909.00","95,618.00","1,924.00","137,954.00","286,405.00"
,"Savannah, GA","96,966.00","128,205.00","4,984.00","236,479.00","466,634.00"
April 2021 Total,,"1,122,334.25","889,129.50","63,905.75","2,048,043.85","4,123,413.35"
May 2021,"Charleston, SC","44,445.00","73,281.00","6,095.00","107,050.00","230,871.00"
,"Houston, TX","51,202.00","95,439.00","8,633.00","132,853.00","288,127.00"
,"Long Beach, CA","314,070.00","135,345.00","13,065.00","444,736.00","907,216.00"
,"Los Angeles, CA","361,358.75","109,886.00","5,088.90","535,714.20","1,012,047.85"
,"NWSA (Seattle & Tacoma, WA)","63,425.00","63,558.00","9,449.00","134,246.00","270,678.00"
,"Oakland, CA","40,113.00","74,726.00","19,009.00","92,558.00","226,406.00"
,Port of NY & NJ,"263,257.00","134,458.00","2,291.00","396,417.00","796,423.00"
,"Port of Virginia, VA","67,970.00","99,717.00","2,338.00","144,916.00","314,941.00"
,"Savannah, GA","102,111.00","137,812.00","3,011.00","235,687.00","478,621.00"
May 2021 Total,,"1,307,951.75","924,222.00","68,979.90","2,224,177.20","4,525,330.85"
June 2021,"Charleston, SC","48,037.00","68,990.00","9,064.00","105,668.00","231,759.00"
,"Houston, TX","56,337.00","84,614.00","12,188.00","139,448.00","292,587.00"
,"Long Beach, CA","237,615.00","116,947.00","12,634.00","357,101.00","724,297.00"
,"Los Angeles, CA","310,810.00","96,066.75","1,790.35","467,763.25","876,430.35"
,"NWSA (Seattle & Tacoma, WA)","72,076.00","56,976.00","7,639.00","133,904.00","270,595.00"
,"Oakland, CA","40,229.00","71,192.00","16,002.00","95,060.00","222,483.00"
,Port of NY & NJ,"247,964.00","112,987.00","1,678.00","386,771.00","749,400.00"
,"Port of Virginia, VA","61,369.00","78,853.00","2,387.00","138,737.00","281,346.00"
,"Savannah, GA","109,146.00","114,266.00","3,562.00","219,840.00","446,814.00"
June 2021 Total,,"1,183,583.00","800,891.75","66,944.35","2,044,292.25","4,095,711.35"
July 2021,"Charleston, SC","54,188.00","65,655.00","5,534.00","119,445.00","244,822.00"
,"Houston, TX","75,964.00","75,457.00","9,003.00","137,197.00","297,621.00"
,"Long Beach, CA","276,363.00","109,951.00","15,592.00","382,940.00","784,846.00"
,"Los Angeles, CA","329,878.75","91,439.50",120.70,"469,360.85","890,799.80"
,"NWSA (Seattle & Tacoma, WA)","65,369.00","48,893.00","5,128.00","127,166.00","246,556.00"
,"Oakland, CA","34,594.00","68,153.00","13,904.00","94,745.00","211,396.00"
,Port of NY & NJ,"250,952.00","111,159.00","2,754.00","393,945.00","758,810.00"
,"Port of Virginia, VA","66,842.00","81,068.00","2,254.00","142,963.00","293,127.00"
,"Savannah, GA","99,370.00","119,072.00","3,597.00","227,876.00","449,915.00"
July 2021 Total,,"1,253,520.75","770,847.50","57,886.70","2,095,637.85","4,177,892.80"
August 2021,"Charleston, SC","51,084.00","65,207.00","3,727.00","114,671.00","234,689.00"
,"Houston, TX","65,983.00","85,660.00","8,652.00","159,791.00","320,086.00"
,"Long Beach, CA","268,505.00","119,485.00","12,289.00","407,426.00","807,705.00"
,"Los Angeles, CA","364,211.50","101,292.00","3,201.70","485,672.15","954,377.35"
,"NWSA (Seattle & Tacoma, WA)","69,038.00","53,922.00","7,898.00","114,971.00","245,829.00"
,"Oakland, CA","40,670.00","71,753.00","9,779.00","97,850.00","220,052.00"
,Port of NY & NJ,"275,492.00","103,886.00","1,688.00","399,716.00","780,782.00"
,"Port of Virginia, VA","75,925.00","85,256.00","1,616.00","144,226.00","307,023.00"
,"Savannah, GA","126,362.00","114,070.00","3,450.00","241,713.00","485,595.00"
August 2021 Total,,"1,337,270.50","800,531.00","52,300.70","2,166,036.15","4,356,138.35"
September 2021,"Charleston, SC","42,152.00","61,705.00","2,943.00","98,208.00","205,008.00"
,"Houston, TX","66,234.00","69,765.00","10,114.00","135,387.00","281,500.00"
,"Long Beach, CA","253,964.00","110,787.00","13,492.00","370,230.00","748,473.00"
,"Los Angeles, CA","358,581.00","75,713.50","1,510.95","468,059.15","903,864.60"
,"NWSA (Seattle & Tacoma, WA)","66,547.00","58,636.00","16,522.00","125,917.00","267,622.00"
,"Oakland, CA","27,234.00","62,203.00","11,709.00","81,789.00","182,935.00"
,Port of NY & NJ,"243,367.00","99,893.00","1,968.00","379,190.00","724,418.00"
,"Port of Virginia, VA","70,928.00","80,697.00","2,395.00","152,197.00","306,217.00"
,"Savannah, GA","127,131.00","108,900.00","2,756.00","233,275.00","472,062.00"
September 2021 Total,,"1,256,138.00","728,299.50","63,409.95","2,044,252.15","4,092,099.60"
October 2021,"Charleston, SC","53,612.00","67,595.00","5,943.00","107,773.00","234,923.00"
,"Houston, TX","69,633.00","94,933.00","12,525.00","151,395.00","328,486.00"
,"Long Beach, CA","270,373.00","122,214.00","12,129.00","385,000.00","789,716.00"
,"Los Angeles, CA","335,679.05","98,251.25","1,426.95","467,286.65","902,643.90"
,"NWSA (Seattle & Tacoma, WA)","66,734.00","58,102.00","5,000.00","123,328.00","253,164.00"
,"Oakland, CA","26,412.00","63,338.00","9,122.00","74,438.00","173,310.00"
,Port of NY & NJ,"275,389.00","120,250.00","2,530.00","398,535.00","796,704.00"
,"Port of Virginia, VA","79,085.00","88,710.00","2,475.00","148,212.00","318,482.00"
,"Savannah, GA","129,724.00","112,907.00","2,402.00","259,314.00","504,347.00"
October 2021 Total,,"1,306,641.05","826,300.25","53,552.95","2,115,281.65","4,301,775.90"
November 2021,"Charleston, SC","48,819.00","67,639.00","7,172.00","127,081.00","250,711.00"
,"Houston, TX","58,655.00","94,409.00","9,004.00","152,508.00","314,576.00"
,"Long Beach, CA","262,184.00","109,821.00","11,090.00","362,394.00","745,489.00"
,"Los Angeles, CA","323,409.25","82,741.35","1,865.40","403,443.90","811,459.90"
,"NWSA (Seattle & Tacoma, WA)","70,693.00","59,341.00","7,935.00","125,892.00","263,861.00"
,"Oakland, CA","21,911.00","72,155.00","11,948.00","83,097.00","189,111.00"
,Port of NY & NJ,"257,190.00","118,155.00","1,971.00","382,074.00","759,390.00"
,"Port of Virginia, VA","60,746.00","84,002.00","4,395.00","141,617.00","290,760.00"
,"Savannah, GA","152,883.00","102,508.00","3,367.00","236,991.00","495,749.00"
November 2021 Total,,"1,256,490.25","790,771.35","58,747.40","2,015,097.90","4,121,106.90"
December 2021,"Charleston, SC","64,055.00","57,136.00","6,298.00","118,710.00","246,199.00"
,"Houston, TX","60,792.00","90,660.00","3,451.00","148,301.00","303,204.00"
,"Long Beach, CA","269,184.00","113,918.00","12,525.00","358,687.00","754,314.00"
,"Los Angeles, CA","328,193.85","70,871.75","2,272.45","385,250.70","786,588.75"
,"NWSA (Seattle & Tacoma, WA)","58,153.00","40,703.00","4,166.00","97,285.00","200,307.00"
,"Oakland, CA","23,229.00","55,724.00","11,653.00","79,055.00","169,661.00"
,Port of NY & NJ,"269,244.00","106,136.00","3,025.00","392,348.00","770,753.00"
,"Port of Virginia, VA","74,265.00","88,667.00","5,005.00","157,590.00","325,527.00"
,"Savannah, GA","139,563.00","84,800.00","2,279.00","238,309.00","464,951.00"
December 2021 Total,,"1,286,678.85","708,615.75","50,674.45","1,975,535.70","4,021,504.75"
January 2022,"Charleston, SC","52,103.00","54,256.00","2,976.00","117,181.00","226,516.00"
,"Houston, TX","73,181.00","86,940.00","4,737.00","158,569.00","323,427.00"
,"Long Beach, CA","276,058.00","123,060.00","12,492.00","389,334.00","800,944.00"
,"Los Angeles, CA","336,935.85","100,185.25","1,266.55","427,207.70","865,595.35"
,"NWSA (Seattle & Tacoma, WA)","66,679.00","37,219.00","6,519.00","113,026.00","223,443.00"
,"Oakland, CA","35,775.00","61,704.00","11,866.00","83,860.00","193,205.00"
,Port of NY & NJ,"264,475.00","100,663.00","1,697.00","398,215.00","765,050.00"
,"Port of Virginia, VA","61,715.00","69,589.00","3,119.00","127,597.00","262,020.00"
,"Savannah, GA","132,604.00","90,886.00","2,569.00","250,654.00","476,713.00"
January 2022 Total,,"1,299,525.85","724,502.25","47,241.55","2,065,643.70","4,136,913.35"
February 2022,"Charleston, SC","54,141.00","54,755.00","1,942.00","119,582.00","230,420.00"
,"Houston, TX","56,230.00","82,079.00","7,125.00","125,965.00","271,399.00"
,"Long Beach, CA","276,673.00","117,935.00","11,617.00","390,335.00","796,560.00"
,"Los Angeles, CA","335,510.95","95,441.00","2,739.60","424,072.85","857,764.40"
,"NWSA (Seattle & Tacoma, WA)","69,202.00","45,855.00","3,988.00","125,851.00","244,896.00"
,"Oakland, CA","32,135.00","62,334.00","14,633.00","85,286.00","194,388.00"
,Port of NY & NJ,"269,253.00","103,782.00",674.00,"385,539.00","759,248.00"
,"Port of Virginia, VA","58,881.00","88,582.00","5,263.00","143,476.00","296,202.00"
,"Savannah, GA","132,268.00","103,690.00","4,057.00","220,398.00","460,413.00"
February 2022 Total,,"1,284,293.95","754,453.00","52,038.60","2,020,504.85","4,111,290.40"
March 2022,"Charleston, SC","61,093.00","69,017.00","2,021.00","132,203.00","264,334.00"
,"Houston, TX","42,740.00","108,541.00","4,723.00","152,553.00","308,557.00"
,"Long Beach, CA","310,094.00","114,185.00","11,597.00","427,280.00","863,156.00"
,"Los Angeles, CA","349,116.95","111,781.25","2,580.05","495,195.80","958,674.05"
,"NWSA (Seattle & Tacoma, WA)","77,788.00","54,740.00","7,522.00","126,211.00","266,261.00"
,"Oakland, CA","36,832.00","69,878.00","13,479.00","94,271.00","214,460.00"
,Port of NY & NJ,"298,515.00","119,248.00","1,378.00","442,976.00","862,117.00"
,"Port of Virginia, VA","66,771.00","95,803.00","3,192.00","148,932.00","314,698.00"
,"Savannah, GA","118,971.00","109,372.00","5,050.00","211,297.00","444,690.00"
March 2022 Total,,"1,361,920.95","852,565.25","51,542.05","2,230,918.80","4,496,947.05"
April 2022,"Charleston, SC","66,405.00","55,571.00","1,392.00","140,730.00","264,098.00"
,"Houston, TX","43,155.00","114,860.00","13,513.00","162,965.00","334,493.00"
,"Long Beach, CA","285,145.00","121,876.00","12,895.00","400,803.00","820,719.00"
,"Los Angeles, CA","329,215.30","99,878.00","1,594.50","456,669.55","887,357.35"
,"NWSA (Seattle & Tacoma, WA)","56,462.00","46,600.00","4,607.00","99,291.00","206,960.00"
,"Oakland, CA","20,365.00","65,834.00","17,993.00","84,303.00","188,495.00"
,Port of NY & NJ,"273,234.00","112,235.00","2,278.00","415,216.00","802,963.00"
,"Port of Virginia, VA","78,724.00","99,589.00","2,292.00","142,639.00","323,244.00"
,"Savannah, GA","116,946.00","125,330.00","6,330.00","247,177.00","495,783.00"
April 2022 Total,,"1,269,651.30","841,773.00","62,894.50","2,149,793.55","4,324,112.35"
May 2022,"Charleston, SC","73,638.00","53,312.00","1,835.00","126,320.00","255,105.00"
,"Houston, TX","56,741.00","106,358.00","13,469.00","158,798.00","335,366.00"
,"Long Beach, CA","325,105.00","118,234.00","10,673.00","436,977.00","890,989.00"
,"Los Angeles, CA","340,565.35","125,655.50","1,719.15","499,960.15","967,900.15"
,"NWSA (Seattle & Tacoma, WA)","80,774.00","45,543.00","6,942.00","120,624.00","253,883.00"
,"Oakland, CA","35,188.00","75,067.00","15,254.00","98,789.00","224,298.00"
,Port of NY & NJ,"298,977.00","118,552.00","1,353.00","426,423.00","845,305.00"
,"Port of Virginia, VA","71,083.00","97,705.00","4,800.00","168,023.00","341,611.00"
,"Savannah, GA","137,907.00","122,287.00","5,686.00","253,508.00","519,388.00"
May 2022 Total,,"1,419,978.35","862,713.50","61,731.15","2,289,422.15","4,633,845.15"
June 2022,"Charleston, SC","59,788.00","44,694.00","1,653.00","90,090.00","196,225.00"
,"Houston, TX","53,392.00","102,889.00","9,764.00","157,778.00","323,823.00"
,"Long Beach, CA","289,788.00","115,303.00","14,644.00","415,677.00","835,412.00"
,"Los Angeles, CA","334,454.45","93,889.50","3,586.95","444,680.40","876,611.30"
,"NWSA (Seattle & Tacoma, WA)","69,687.00","51,964.00","5,996.00","113,295.00","240,942.00"
,"Oakland, CA","40,408.00","68,227.00","11,788.00","95,530.00","215,953.00"
,Port of NY & NJ,"307,646.00","109,843.00","1,660.00","440,804.00","859,953.00"
,"Port of Virginia, VA","73,626.00","86,098.00","5,146.00","151,380.00","316,250.00"
,"Savannah, GA","131,096.00","122,332.00","4,198.00","236,481.00","494,107.00"
June 2022 Total,,"1,359,885.45","795,239.50","58,435.95","2,145,715.40","4,359,276.30"
July 2022,"Charleston, SC","60,020.00","49,309.00","1,923.00","104,846.00","216,098.00"
,"Houston, TX","57,663.00","102,644.00","8,310.00","159,881.00","328,498.00"
,"Long Beach, CA","285,370.00","109,411.00","14,887.00","376,175.00","785,843.00"
,"Los Angeles, CA","340,815.95","103,899.00","5,256.60","485,452.25","935,423.80"
,"NWSA (Seattle & Tacoma, WA)","58,837.00","40,697.00","6,157.00","88,502.00","194,193.00"
,"Oakland, CA","31,542.00","47,166.00","12,185.00","69,463.00","160,356.00"
,Port of NY & NJ,"275,554.00","95,823.00","1,821.00","402,969.00","776,167.00"
,"Port of Virginia, VA","78,364.50","85,169.50","4,327.75","149,828.75","317,690.50"
,"Savannah, GA","151,537.00","122,928.00","4,574.00","251,761.00","530,800.00"
July 2022 Total,,"1,339,703.45","757,046.50","59,441.35","2,088,878.00","4,245,069.30"
August 2022,"Charleston, SC","55,630.00","51,884.00","2,034.00","113,864.00","223,412.00"
,"Houston, TX","78,094.00","116,841.00","7,775.00","180,132.00","382,842.00"
,"Long Beach, CA","288,558.00","121,408.00","12,444.00","384,530.00","806,940.00"
,"Los Angeles, CA","297,328.75","102,319.25","2,064.75","403,601.95","805,314.70"
,"NWSA (Seattle & Tacoma, WA)","62,039.00","48,563.00","3,259.00","102,157.00","216,018.00"
,"Oakland, CA","43,443.00","67,838.00","11,998.00","87,844.00","211,123.00"
,Port of NY & NJ,"303,662.00","109,058.00","1,750.00","428,721.00","843,191.00"
,"Port of Virginia, VA","80,410.00","95,745.00","4,097.00","160,673.00","340,925.00"
,"Savannah, GA","160,438.00","119,192.00","4,970.00","290,915.00","575,515.00"
August 2022 Total,,"1,369,602.75","832,848.25","50,391.75","2,152,437.95","4,405,280.70"
September 2022,"Charleston, SC","60,490.00","50,093.00","2,571.00","113,654.00","226,808.00"
,"Houston, TX","62,837.00","102,744.00","9,964.00","177,979.00","353,524.00"
,"Long Beach, CA","269,519.00","112,940.00","16,693.00","342,671.00","741,823.00"
,"Los Angeles, CA","286,618.00","77,680.25","2,113.40","343,461.65","709,873.30"
,"NWSA (Seattle & Tacoma, WA)","63,348.00","46,315.00","3,788.00","102,148.00","215,599.00"
,"Oakland, CA","37,660.00","54,756.00","14,510.00","77,803.00","184,729.00"
,Port of NY & NJ,"313,762.00","103,263.00","1,770.00","423,424.00","842,219.00"
,"Port of Virginia, VA","80,598.00","84,466.00","3,750.00","143,416.00","312,230.00"
,"Savannah, GA","121,737.00","100,236.00","3,939.00","210,367.00","436,279.00"
September 2022 Total,,"1,296,569.00","732,493.25","59,098.40","1,934,923.65","4,023,084.30"
October 2022,"Charleston, SC","69,675.00","62,965.00","2,934.00","121,305.00","256,879.00"
,"Houston, TX","63,823.00","118,781.00","8,098.00","181,292.00","371,994.00"
,"Long Beach, CA","228,225.00","119,761.00","16,518.00","293,924.00","658,428.00"
,"Los Angeles, CA","248,044.00","89,721.75","4,356.80","336,306.90","678,429.45"
,"NWSA (Seattle & Tacoma, WA)","64,888.00","41,693.00","9,563.00","95,637.00","211,781.00"
,"Oakland, CA","40,744.00","66,408.00","15,876.00","79,459.00","202,487.00"
,Port of NY & NJ,"295,922.00","112,325.00","1,848.00","382,453.00","792,548.00"
,"Port of Virginia, VA","81,108.00","89,574.00","3,727.00","144,043.00","318,452.00"
,"Savannah, GA","168,147.00","116,297.00","4,534.00","263,828.00","552,806.00"
October 2022 Total,,"1,260,576.00","817,525.75","67,454.80","1,898,247.90","4,043,804.45"
November 2022,"Charleston, SC","55,312.00","56,283.00","2,098.00","99,380.00","213,073.00"
,"Houston, TX","59,436.00","118,187.00","6,708.00","164,619.00","348,950.00"
,"Long Beach, CA","186,546.00","124,988.00","17,767.00","259,442.00","588,743.00"
,"Los Angeles, CA","237,672.25","90,115.75","4,475.70","307,079.80","639,343.50"
,"NWSA (Seattle & Tacoma, WA)","47,675.00","48,931.00","5,272.00","86,708.00","188,586.00"
,"Oakland, CA","38,481.00","63,283.00","14,197.00","68,646.00","184,607.00"
,Port of NY & NJ,"261,325.00","110,111.00","1,975.00","349,658.00","723,069.00"
,"Port of Virginia, VA","66,017.00","92,988.00","3,760.00","123,179.00","285,944.00"
,"Savannah, GA","132,793.00","108,577.00","4,424.00","219,089.00","464,883.00"
November 2022 Total,,"1,085,257.25","813,463.75","60,676.70","1,677,800.80","3,637,198.50"
December 2022,"Charleston, SC","50,389.00","63,320.00","1,305.00","104,336.00","219,350.00"
,"Houston, TX","41,777.00","107,576.00","6,619.00","132,055.00","288,027.00"
,"Long Beach, CA","170,698.00","115,782.00","15,982.00","241,643.00","544,105.00"
,"Los Angeles, CA","272,481.25","96,518.00","7,825.90","352,046.35","728,871.50"
,"NWSA (Seattle & Tacoma, WA)","47,082.00","46,781.00","7,940.00","85,183.00","186,986.00"
,"Oakland, CA","25,741.00","58,302.00","13,419.00","65,566.00","163,028.00"
,Port of NY & NJ,"204,115.00","102,866.00","2,434.00","303,596.00","613,011.00"
,"Port of Virginia, VA","53,603.00","90,838.00","3,800.00","125,725.00","273,966.00"
,"Savannah, GA","111,448.00","107,724.00","3,960.00","217,628.00","440,760.00"
December 2022 Total,,"977,334.25","789,707.00","63,284.90","1,627,778.35","3,458,104.50"
January 2023,"Charleston, SC","44,946.00","59,965.00","1,542.00","108,786.00","215,239.00"
,"Houston, TX","35,067.00","113,875.00","21,648.00","149,400.00","319,990.00"
,"Long Beach, CA","191,458.00","105,623.00","13,298.00","263,394.00","573,773.00"
,"Los Angeles, CA","244,770.00","102,723.00","6,480.70","372,040.00","726,013.70"
,"NWSA (Seattle & Tacoma, WA)","42,356.00","38,637.00","4,623.00","79,067.00","164,683.00"
,"Oakland, CA","38,013.50","57,278.75","17,299.00","66,636.50","179,227.75"
,Port of NY & NJ,"207,643.00","112,269.00","1,537.00","323,981.00","645,430.00"
,"Port of Virginia, VA","54,223.00","96,430.50","3,137.00","134,589.00","288,379.50"
,"Savannah, GA","97,956.00","110,305.00","2,649.00","210,804.00","421,714.00"
January 2023 Total,,"956,432.50","797,106.25","72,213.70","1,708,697.50","3,534,449.95"
February 2023,"Charleston, SC","42,536.00","61,448.00","3,655.00","93,780.00","201,419.00"
,"Houston, TX","37,400.00","116,265.00","17,841.00","141,946.00","313,452.00"
,"Long Beach, CA","164,529.00","110,919.00","13,258.00","254,970.00","543,676.00"
,"Los Angeles, CA","153,859.50","82,404.00","2,175.20","249,407.45","487,846.15"
,"NWSA (Seattle & Tacoma, WA)","42,947.00","45,716.00","4,352.00","83,104.00","176,119.00"
,"Oakland, CA","25,460.50","55,740.50","14,562.50","58,073.25","153,836.75"
,Port of NY & NJ,"182,936.00","98,692.00","1,235.00","288,314.00","571,177.00"
,"Port of Virginia, VA","47,129.25","96,399.25","4,630.00","108,808.25","256,966.75"
,"Savannah, GA","96,732.00","110,772.00","3,100.00","184,189.00","394,793.00"
February 2023 Total,,"793,529.25","778,355.75","64,808.70","1,462,591.95","3,099,285.65"
March 2023,"Charleston, SC","39,248.00","59,771.00","2,372.00","91,694.00","193,085.00"
,"Houston, TX","36,905.00","119,824.00","9,948.00","133,912.00","300,589.00"
,"Long Beach, CA","176,907.00","133,512.00","14,312.00","279,148.00","603,879.00"
,"Los Angeles, CA","199,003.00","98,276.00","5,991.00","319,961.00","623,231.00"
,"NWSA (Seattle & Tacoma, WA)","39,022.00","51,759.00","8,613.00","79,264.00","178,658.00"
,"Oakland, CA","26,224.00","65,634.00","18,097.00","60,311.00","170,266.00"
,Port of NY & NJ,"168,936.00","117,924.00","1,423.00","286,142.00","574,425.00"
,"Port of Virginia, VA","38,912.00","100,472.50","4,115.00","105,315.00","248,814.50"
,"Savannah, GA","75,239.00","118,101.00","4,245.00","170,295.00","367,880.00"
March 2023 Total,,"800,396.00","865,273.50","69,116.00","1,526,042.00","3,260,827.50"
April 2023,"Charleston, SC","48,172.00","62,062.00","2,843.00","101,024.00","214,101.00"
,"Houston, TX","42,433.00","110,318.00","14,408.00","140,720.00","307,879.00"
,"Long Beach, CA","203,127.00","122,663.00","16,816.00","313,444.00","656,050.00"
,"Los Angeles, CA","252,024.25","88,201.75","4,195.25","343,688.50","688,109.75"
,"NWSA (Seattle & Tacoma, WA)","36,369.00","47,121.00","5,542.00","85,339.00","174,371.00"
,"Oakland, CA","24,754.25","63,193.00","16,422.50","70,111.75","174,481.50"
,Port of NY & NJ,"214,938.00","110,243.00","2,333.00","320,948.00","648,462.00"
,"Port of Virginia, VA","41,249.50","91,470.75","4,730.00","118,964.00","256,414.25"
,"Savannah, GA","88,159.00","118,277.00","6,571.00","195,679.00","408,686.00"
April 2023 Total,,"951,226.00","813,549.50","73,860.75","1,689,918.25","3,528,554.50"
May 2023,"Charleston, SC","41,185.00","55,201.00","3,308.00","99,130.00","198,824.00"
,"Houston, TX","39,430.00","109,220.00","12,087.00","139,745.00","300,482.00"
,"Long Beach, CA","255,725.00","127,870.00","12,970.00","361,661.00","758,226.00"
,"Los Angeles, CA","265,713.25","101,741.00","2,535.80","409,150.15","779,140.20"
,"NWSA (Seattle & Tacoma, WA)","38,038.00","42,713.00","5,045.00","78,151.00","163,947.00"
,"Oakland, CA","28,315.00","63,475.00","15,836.00","70,887.25","178,513.25"
,Port of NY & NJ,"212,995.00","110,695.00","1,191.00","351,430.00","676,311.00"
,"Port of Virginia, VA","45,367.50","88,044.00","3,260.00","129,203.00","265,874.50"
,"Savannah, GA","90,616.00","116,247.00","4,920.00","188,728.00","400,511.00"
May 2023 Total,,"1,017,384.75","815,206.00","61,152.80","1,828,085.40","3,721,828.95"
June 2023,"Charleston, SC","44,794.00","59,485.00","2,982.00","95,831.00","203,092.00"
,"Houston, TX","46,961.00","103,726.00","18,660.00","146,636.00","315,983.00"
,"Long Beach, CA","214,128.00","94,508.00","14,115.00","274,325.00","597,076.00"
,"Los Angeles, CA","287,609.75","108,049.50","2,069.55","435,306.65","833,035.45"
,"NWSA (Seattle & Tacoma, WA)","41,205.00","45,891.00","6,954.00","91,089.00","185,139.00"
,"Oakland, CA","23,878.75","54,137.75","11,515.50","66,295.25","155,827.25"
,Port of NY & NJ,"194,154.00","101,509.00","2,168.00","326,681.00","624,512.00"
,"Port of Virginia, VA","53,234.50","82,413.75","4,011.00","124,338.25","263,997.50"
,"Savannah, GA","85,290.00","111,116.00","5,063.00","180,357.00","381,826.00"
June 2023 Total,,"991,255.00","760,836.00","67,538.05","1,740,859.15","3,560,488.20"
July 2023,"Charleston, SC","45,272.00","53,827.00","1,258.00","107,777.00","208,134.00"
,"Houston, TX","49,482.00","117,652.00","10,878.00","166,151.00","344,163.00"
,"Long Beach, CA","200,096.00","90,134.00","16,934.00","271,086.00","578,250.00"
,"Los Angeles, CA","209,068.25","110,372.25",641.95,"364,208.30","684,290.75"
,"NWSA (Seattle & Tacoma, WA)","32,454.00","37,598.00","3,537.00","88,684.00","162,273.00"
,"Oakland, CA","31,178.75","58,058.75","14,195.75","78,122.00","181,555.25"
,Port of NY & NJ,"251,140.00","100,195.00","2,005.00","372,139.00","725,479.00"
,"Port of Virginia, VA","64,531.00","88,941.50","3,155.00","141,574.75","298,202.25"
,"Savannah, GA","107,618.00","105,640.00","4,104.00","230,225.00","447,587.00"
July 2023 Total,,"990,840.00","762,418.50","56,708.70","1,819,967.05","3,629,934.25"
August 2023,"Charleston, SC","43,116.00","56,459.00","1,388.00","102,207.00","203,170.00"
,"Houston, TX","40,398.00","110,008.00","7,558.00","149,660.00","307,624.00"
,"Long Beach, CA","248,198.00","93,402.00","15,277.00","325,436.00","682,313.00"
,"Los Angeles, CA","267,045.00","124,987.50","2,758.95","433,224.25","828,015.70"
,"NWSA (Seattle & Tacoma, WA)","36,974.00","43,399.00","6,219.00","82,767.00","169,359.00"
,"Oakland, CA","30,579.00","62,773.00","13,329.00","72,481.00","179,162.00"
,Port of NY & NJ,"206,064.00","106,025.00","1,730.00","348,921.00","662,740.00"
,"Port of Virginia, VA","58,051.00","89,959.00","2,435.00","136,788.00","287,233.00"
,"Savannah, GA","106,586.00","101,539.00","2,746.00","202,423.00","413,294.00"
August 2023 Total,,"1,037,011.00","788,551.50","53,440.95","1,853,907.25","3,732,910.70"
September 2023,"Charleston, SC","43,804.00","56,296.00","1,777.00","97,331.00","199,208.00"
,"Houston, TX","28,480.00","124,739.00","16,208.00","156,161.00","325,588.00"
,"Long Beach, CA","300,807.00","101,248.00","18,448.00","408,926.00","829,429.00"
,"Los Angeles, CA","233,752.50","120,635.25","1,444.00","392,608.35","748,440.10"
,"NWSA (Seattle & Tacoma, WA)","60,746.00","61,867.00","5,632.00","134,642.00","262,887.00"
,"Oakland, CA","26,429.00","59,757.00","11,208.00","74,428.00","171,822.00"
,Port of NY & NJ,"219,407.00","100,379.00","1,734.00","339,033.00","660,553.00"
,"Port of Virginia, VA","57,092.00","81,515.00","2,299.00","130,073.00","270,979.00"
,"Savannah, GA","106,586.00","101,539.00","2,746.00","202,423.00","413,294.00"
September 2023 Total,,"1,077,103.50","807,975.25","61,496.00","1,935,625.35","3,882,200.10"
October 2023,"Charleston, SC","50,843.00","60,519.00","2,489.00","121,155.00","235,006.00"
,"Houston, TX","52,947.00","126,011.00","12,321.00","174,929.00","366,208.00"
,"Long Beach, CA","286,960.00","90,073.00","14,817.00","363,300.00","755,150.00"
,"Los Angeles, CA","231,934.25","121,276.50",109.00,"372,454.80","725,774.55"
,"NWSA (Seattle & Tacoma, WA)","48,984.00","54,886.00","8,106.00","100,502.00","212,478.00"
,"Oakland, CA","22,775.00","68,974.00","13,597.00","73,281.00","178,627.00"
,Port of NY & NJ,"247,419.00","111,024.00","2,372.00","381,756.00","742,571.00"
,"Port of Virginia, VA","64,675.00","92,589.00","3,111.00","146,199.00","306,574.00"
,"Savannah, GA","113,435.00","111,774.00","3,500.00","220,298.00","449,007.00"
October 2023 Total,,"1,119,972.25","837,126.50","60,422.00","1,953,874.80","3,971,395.55"
November 2023,"Charleston, SC","41,323.00","59,397.00","2,478.00","98,115.00","201,313.00"
,"Houston, TX","35,239.00","116,396.00","8,356.00","137,631.00","297,622.00"
,"Long Beach, CA","251,833.00","108,798.00","15,064.00","355,339.00","731,034.00"
,"Los Angeles, CA","266,747.25","111,754.75",140.90,"384,618.85","763,261.75"
,"NWSA (Seattle & Tacoma, WA)","32,597.00","51,537.00","9,319.00","87,295.00","180,748.00"
,"Oakland, CA","19,613.00","61,390.00","14,118.00","71,258.00","166,379.00"
,Port of NY & NJ,"205,633.00","111,743.00","2,504.00","324,559.00","644,439.00"
,"Port of Virginia, VA","44,485.00","101,627.75","1,474.00","128,418.50","276,005.25"
,"Savannah, GA","94,125.00","107,623.00","4,341.00","211,056.00","417,145.00"
November 2023 Total,,"991,595.25","830,266.50","57,794.90","1,798,290.35","3,677,947.00"
December 2023,"Charleston, SC","45,752.00","58,544.00","1,643.00","103,556.00","209,495.00"
,"Houston, TX","39,588.00","119,970.00","14,814.00","160,648.00","335,020.00"
,"Long Beach, CA","257,166.00","103,688.00","15,637.00","333,329.00","709,820.00"
,"Los Angeles, CA","256,092.25","121,574.75",191.00,"364,661.00","742,519.00"
,"NWSA (Seattle & Tacoma, WA)","41,370.00","67,622.00","9,016.00","88,101.00","206,109.00"
,"Oakland, CA","21,655.00","65,801.00","12,210.00","76,347.00","176,013.00"
,Port of NY & NJ,"200,746.00","104,278.00","2,489.00","326,412.00","633,925.00"
,"Port of Virginia, VA","49,891.00","91,758.00","4,828.00","121,629.75","268,106.75"
,"Savannah, GA","98,382.00","113,197.00","2,326.00","208,382.00","422,287.00"
December 2023 Total,,"1,010,642.25","846,432.75","63,154.00","1,783,065.75","3,703,294.75"
January 2024,"Charleston, SC","44,556.00","60,962.00","3,255.00","99,765.00","208,538.00"
,"Houston, TX","38,543.00","124,137.00","15,788.00","154,493.00","332,961.00"
,"Long Beach, CA","249,169.00","86,525.00","12,982.00","325,339.00","674,015.00"
,"Los Angeles, CA","287,156.50","126,553.75",179.00,"441,763.05","855,652.30"
,"NWSA (Seattle & Tacoma, WA)","34,547.00","46,215.00","4,096.00","80,410.00","165,268.00"
,"Oakland, CA","28,694.00","62,596.00","17,117.00","72,081.00","180,488.00"
,Port of NY & NJ,"217,878.00","104,724.00","1,954.00","342,790.00","667,346.00"
,"Port of Virginia, VA","50,524.00","94,376.00","2,589.00","129,204.00","276,693.00"
,"Savannah, GA","103,229.00","104,685.00","1,042.00","219,079.00","428,035.00"
January 2024 Total,,"1,054,296.50","810,773.75","59,002.00","1,864,924.05","3,788,996.30"
February 2024,"Charleston, SC","37,198.00","59,639.00","1,394.00","104,118.00","202,349.00"
,"Houston, TX","45,198.00","145,766.00","18,152.00","166,849.00","375,965.00"
,"Long Beach, CA","244,470.00","87,474.00","12,930.00","329,850.00","674,724.00"
,"Los Angeles, CA","239,776.50","132,754.50",139.00,"408,764.10","781,434.10"
,"NWSA (Seattle & Tacoma, WA)","38,933.00","50,150.00","4,285.00","81,823.00","175,191.00"
,"Oakland, CA","23,633.00","69,242.00","13,142.00","76,734.00","182,751.00"
,Port of NY & NJ,"196,213.00","101,636.00","2,365.00","332,241.00","632,455.00"
,"Port of Virginia, VA","46,877.00","99,969.00","4,091.00","130,965.00","281,902.00"
,"Savannah, GA","107,904.00","121,933.00","2,839.00","218,997.00","451,673.00"
February 2024 Total,,"980,202.50","868,563.50","59,337.00","1,850,341.10","3,758,444.10"
March 2024,"Charleston, SC","47,511.00","60,319.00","1,343.00","107,237.00","216,410.00"
,"Houston, TX","47,867.00","134,221.00","14,269.00","164,634.00","360,991.00"
,"Long Beach, CA","230,750.00","105,099.00","15,714.00","302,521.00","654,084.00"
,"Los Angeles, CA","218,139.25","144,717.80","1,018.45","379,541.55","743,417.05"
,"NWSA (Seattle & Tacoma, WA)","30,647.00","59,842.00","12,379.00","92,787.00","195,655.00"
,"Oakland, CA","23,728.00","75,352.00","20,254.00","83,483.00","202,817.00"
,Port of NY & NJ,"228,312.00","117,893.00","2,143.00","353,300.00","701,648.00"
,"Port of Virginia, VA","51,383.00","101,170.00","4,203.00","134,944.00","291,700.00"
,"Savannah, GA","92,167.00","127,997.00","4,801.00","211,033.00","435,998.00"
March 2024 Total,,"970,504.25","926,610.80","76,124.45","1,829,480.55","3,802,720.05"
April 2024,"Charleston, SC","47,424.00","59,220.00","1,538.00","106,877.00","215,059.00"
,"Houston, TX","44,109.00","119,302.00","13,856.00","146,910.00","324,177.00"
,"Long Beach, CA","274,223.00","98,266.00","13,270.00","364,665.00","750,424.00"
,"Los Angeles, CA","220,109.00","133,046.25",253.00,"416,928.85","770,337.10"
,"NWSA (Seattle & Tacoma, WA)","37,860.00","54,489.00","7,275.00","96,852.00","196,476.00"
,"Oakland, CA","29,375.00","67,566.00","16,357.00","75,335.00","188,633.00"
,Port of NY & NJ,"235,500.00","121,847.00","2,330.00","349,792.00","709,469.00"
,"Port of Virginia, VA","61,355.00","104,073.00","5,383.00","146,779.00","317,590.00"
,"Savannah, GA","99,091.00","122,514.00","7,485.00","211,881.00","440,971.00"
April 2024 Total,,"1,049,046.00","880,323.25","67,747.00","1,916,019.85","3,913,136.10"
May 2024,"Charleston, SC","37,362.00","48,965.00","2,575.00","91,204.00","180,106.00"
,"Houston, TX","52,147.00","131,690.00","16,457.00","164,572.00","364,866.00"
,"Long Beach, CA","310,542.00","98,300.00","13,906.00","419,698.00","842,446.00"
,"Los Angeles, CA","235,800.00","125,962.75",467.85,"390,662.70","752,893.30"
,"NWSA (Seattle & Tacoma, WA)","48,778.00","51,607.00","10,074.00","103,556.00","214,015.00"
,"Oakland, CA","33,389.75","61,930.50","12,680.75","80,035.25","188,036.25"
,Port of NY & NJ,"250,070.00","124,801.00","2,054.00","413,833.00","790,758.00"
,"Port of Virginia, VA","71,788.00","98,687.00","4,506.00","153,701.00","328,682.00"
,"Savannah, GA","129,032.00","120,664.00","6,961.00","233,675.00","490,332.00"
May 2024 Total,,"1,168,908.75","862,607.25","69,681.60","2,050,936.95","4,152,134.55"
June 2024,"Charleston, SC","48,017.00","62,377.00","1,839.00","105,883.00","218,116.00"
,"Houston, TX","59,447.00","114,728.00","11,204.00","153,778.00","339,157.00"
,"Long Beach, CA","310,542.00","98,300.00","13,906.00","419,698.00","842,446.00"
,"Los Angeles, CA","275,944.25","122,515.00",545.00,"428,752.80","827,757.05"
,"NWSA (Seattle & Tacoma, WA)","57,649.00","51,656.00","6,261.00","129,789.00","245,355.00"
,"Oakland, CA","32,244.00","66,540.00","10,237.00","84,040.25","193,061.25"
,Port of NY & NJ,"228,575.00","112,663.00","1,640.00","366,099.00","708,977.00"
,"Port of Virginia, VA","68,770.00","95,262.00","6,952.00","124,991.00","295,975.00"
,"Savannah, GA","101,232.00","120,366.00","5,544.00","226,987.00","454,129.00"
June 2024 Total,,"1,182,420.25","844,407.00","58,128.00","2,040,018.05","4,124,973.30"
July 2024,"Charleston, SC","56,512.00","51,729.00","1,733.00","114,434.00","224,408.00"
,"Houston, TX","42,378.00","112,607.00","12,727.00","157,565.00","325,277.00"
,"Long Beach, CA","325,503.00","104,834.00","16,959.00","435,081.00","882,377.00"
,"Los Angeles, CA","323,072.25","114,888.75",358.45,"501,280.90","939,600.35"
,"NWSA (Seattle & Tacoma, WA)","53,779.00","36,940.00","3,452.00","110,304.00","204,475.00"
,"Oakland, CA","34,342.75","59,362.00","10,627.25","80,134.75","184,466.75"
,Port of NY & NJ,"269,026.00","112,175.00","2,602.00","422,212.00","806,015.00"
,"Port of Virginia, VA","63,295.00","92,564.00","4,827.00","146,926.00","307,612.00"
,"Savannah, GA","126,311.00","113,878.00","3,638.00","245,289.00","489,116.00"
July 2024 Total,,"1,294,219.00","798,977.75","56,923.70","2,213,226.65","4,363,347.10"
August 2024,"Charleston, SC","46,916.00","52,025.00","1,015.00","99,078.00","199,034.00"
,"Houston, TX","57,029.00","131,241.00","16,172.00","163,211.00","367,653.00"
,"Long Beach, CA","338,750.00","104,646.00","13,610.00","456,868.00","913,874.00"
,"Los Angeles, CA","328,154.00","121,743.75","1,336.60","509,362.70","960,597.05"
,"NWSA (Seattle & Tacoma, WA)","68,265.00","51,427.00","3,289.00","123,652.00","246,633.00"
,"Oakland, CA","38,507.00","59,362.00","11,823.00","83,272.00","192,964.00"
,Port of NY & NJ,"276,222.00","116,628.00","2,354.00","395,555.00","790,759.00"
,"Port of Virginia, VA","62,271.00","93,663.00","4,845.00","139,127.00","299,906.00"
,"Savannah, GA","122,919.00","117,828.00","4,989.00","244,306.00","490,042.00"
August 2024 Total,,"1,339,033.00","848,563.75","59,433.60","2,214,431.70","4,461,462.05"
September 2024,"Charleston, SC","46,735.00","53,368.00","3,139.00","111,317.00","214,559.00"
,"Houston, TX","40,983.00","114,299.00","11,842.00","162,338.00","329,462.00"
,"Long Beach, CA","310,829.00","88,289.00","13,382.00","416,999.00","829,499.00"
,"Los Angeles, CA","340,117.25","114,702.25","2,083.85","497,803.05","954,706.40"
,"NWSA (Seattle & Tacoma, WA)","69,330.00","57,275.00","2,002.00","135,841.00","264,448.00"
,"Oakland, CA","35,337.00","61,466.00","12,692.00","82,180.00","191,675.00"
,Port of NY & NJ,"277,247.00","118,632.00","2,069.00","381,383.00","779,331.00"
,"Port of Virginia, VA","63,987.00","95,478.00","2,584.00","145,548.00","307,597.00"
,"Savannah, GA","109,634.00","101,728.00","4,726.00","234,629.00","450,717.00"
September 2024 Total,,"1,294,199.25","805,237.25","54,519.85","2,168,038.05","4,321,994.40"
October 2024,"Charleston, SC","59,268.00","45,488.00",794.00,"103,558.00","209,108.00"
,"Houston, TX","49,971.00","99,013.00","7,760.00","152,879.00","309,623.00"
,"Long Beach, CA","372,136.00","112,845.00","14,646.00","487,563.00","987,190.00"
,"Los Angeles, CA","319,057.50","122,715.75",512.25,"462,740.25","905,025.75"
,"NWSA (Seattle & Tacoma, WA)","58,035.00","47,547.00","3,040.00","107,395.00","216,017.00"
,"Oakland, CA","29,749.50","66,648.50","15,681.50","81,497.50","193,577.00"
,Port of NY & NJ,"235,521.00","87,407.00","1,150.00","380,193.00","704,271.00"
,"Port of Virginia, VA","56,341.00","66,115.00","4,061.00","125,941.00","252,458.00"
,"Savannah, GA","151,092.00","99,361.00","3,040.00","240,768.00","494,261.00"
October 2024 Total,,"1,331,171.00","747,140.25","50,684.75","2,142,534.75","4,271,530.75"
November 2024,"Charleston, SC","50,698.00","52,663.00","3,400.00","104,682.00","211,443.00"
,"Houston, TX","56,184.00","135,299.00","14,475.00","163,403.00","369,361.00"
,"Long Beach, CA","316,944.00","119,083.00","15,306.00","432,823.00","884,156.00"
,"Los Angeles, CA","301,794.50","124,117.00",238.85,"458,164.70","884,315.05"
,"NWSA (Seattle & Tacoma, WA)","59,965.00","63,964.00","7,865.00","108,434.00","240,228.00"
,"Oakland, CA","22,495.00","66,618.50","12,027.75","80,580.00","181,721.25"
,Port of NY & NJ,"241,930.00","123,530.00","1,483.00","353,206.00","720,149.00"
,"Port of Virginia, VA","53,773.00","100,531.00","4,905.00","119,731.00","278,940.00"
,"Savannah, GA","129,657.00","116,004.00","2,999.00","229,488.00","478,148.00"
November 2024 Total,,"1,233,440.50","901,809.50","62,699.60","2,050,511.70","4,248,461.30"
December 2024,"Charleston, SC","49,678.00","48,743.00","2,027.00","97,570.00","198,018.00"
,"Houston, TX","36,494.00","135,446.00","19,082.00","149,396.00","340,418.00"
,"Long Beach, CA","332,855.00","100,792.00","14,483.00","412,876.00","861,006.00"
,"Los Angeles, CA","349,820.50","110,483.75",397.00,"460,915.50","921,616.75"
,"NWSA (Seattle & Tacoma, WA)","54,573.00","65,396.00","8,174.00","118,356.00","246,499.00"
,"Oakland, CA","27,500.75","59,535.25","10,740.75","84,869.50","182,646.25"
,Port of NY & NJ,"225,928.00","112,485.00","1,409.00","348,536.00","688,358.00"
,"Port of Virginia, VA","51,241.00","97,072.00","6,840.00","129,308.00","284,461.00"
,"Savannah, GA","105,273.00","109,931.00","3,439.00","223,497.00","442,140.00"
December 2024 Total,,"1,233,363.25","839,884.00","66,591.75","2,025,324.00","4,165,163.00"
January 2025,"Charleston, SC","52,214.00","46,381.00","4,474.00","98,774.00","201,843.00"
,"Houston, TX","47,165.00","122,931.00","16,186.00","170,125.00","356,407.00"
,"Long Beach, CA","369,205.00","98,655.00","13,225.00","471,649.00","952,734.00"
,"Los Angeles, CA","326,999.00","113,270.75",144.00,"483,831.25","924,245.00"
,"NWSA (Seattle & Tacoma, WA)","51,080.00","48,312.00","8,573.00","108,343.00","216,308.00"
,"Oakland, CA","34,363.00","64,735.00","12,625.00","81,453.00","193,176.00"
,Port of NY & NJ,"241,751.00","98,706.00","1,658.00","378,168.00","720,283.00"
,"Port of Virginia, VA","56,732.00","83,950.00","6,166.00","121,770.00","268,618.00"
,"Savannah, GA","112,345.00","96,853.00","2,618.00","206,405.00","418,221.00"
January 2025 Total,,"1,291,854.00","773,793.75","65,669.00","2,120,518.25","4,251,835.00"
February 2025,"Charleston, SC","56,883.00","53,205.00","2,958.00","112,487.00","225,533.00"
,"Houston, TX","37,955.00","122,740.00","22,068.00","142,661.00","325,424.00"
,"Long Beach, CA","292,293.00","90,026.00","14,397.00","368,669.00","765,385.00"
,"Los Angeles, CA","278,972.50","109,156.25",33.00,"413,236.25","801,398.00"
,"NWSA (Seattle & Tacoma, WA)","51,521.00","46,267.00","4,231.00","104,652.00","206,671.00"
,"Oakland, CA","30,343.00","65,522.00","14,490.00","80,582.00","190,937.00"
,Port of NY & NJ,"233,839.00","107,335.00","1,148.00","356,426.00","698,748.00"
,"Port of Virginia, VA","43,524.00","82,660.00","6,056.00","112,357.00","244,597.00"
,"Savannah, GA","113,762.00","126,924.00","3,190.00","235,971.00","479,847.00"
February 2025 Total,,"1,139,092.50","803,835.25","68,571.00","1,927,041.25","3,938,540.00"
March 2025,"Charleston, SC","64,613.00","59,978.00","2,742.00","113,524.00","240,857.00"
,"Houston, TX","44,346.00","152,857.00","21,802.00","167,859.00","386,864.00"
,"Long Beach, CA","315,619.00","104,063.00","17,213.00","380,562.00","817,457.00"
,"Los Angeles, CA","268,838.20","122,974.75","1,062.25","385,530.50","778,405.70"
,"NWSA (Seattle & Tacoma, WA)","65,417.00","61,575.00","5,913.00","109,900.00","242,805.00"
,"Oakland, CA","34,823.00","76,157.00","18,540.00","87,896.00","217,416.00"
,Port of NY & NJ,"265,493.00","134,966.00","1,482.00","381,017.00","782,958.00"
,"Port of Virginia, VA","54,752.00","102,448.00","4,893.00","138,648.00","300,741.00"
,"Savannah, GA","118,901.00","142,612.00","6,545.00","265,937.00","533,995.00"
March 2025 Total,,"1,232,802.20","957,630.75","80,192.25","2,030,873.50","4,301,498.70"
April 2025,"Charleston, SC","63,857.00","46,527.00","2,155.00","103,265.00","215,804.00"
,"Houston, TX","52,446.00","138,810.00","18,489.00","177,733.00","387,478.00"
,"Long Beach, CA","336,456.00","93,842.00","17,368.00","419,828.00","867,494.00"
,"Los Angeles, CA","274,528.50","128,394.00",654.15,"439,230.00","842,806.65"
,"NWSA (Seattle & Tacoma, WA)","50,345.00","53,558.00","4,111.00","105,370.00","213,384.00"
,"Oakland, CA","27,373.50","64,723.25","14,437.50","78,964.50","185,498.75"
,Port of NY & NJ,"241,289.00","121,770.00","1,408.00","386,727.00","751,194.00"
,"Port of Virginia, VA","61,405.75","94,395.50","3,006.00","135,596.00","294,403.25"
,"Savannah, GA","132,981.00","126,880.00","3,017.00","252,631.00","515,509.00"
April 2025 Total,,"1,240,681.75","868,899.75","64,645.65","2,099,344.50","4,273,571.65"
May 2025,"Charleston, SC","55,208.00","53,796.00","1,824.00","108,428.00","219,256.00"
,"Houston, TX","64,377.00","132,900.00","18,358.00","166,005.00","381,640.00"
,"Long Beach, CA","242,471.00","82,149.00","15,424.00","299,116.00","639,160.00"
,"Los Angeles, CA","240,058.75","120,196.00",413.60,"355,950.25","716,618.60"
,"NWSA (Seattle & Tacoma, WA)","46,735.00","46,086.00","9,134.00","81,642.00","183,597.00"
,"Oakland, CA","26,779.00","67,327.00","13,960.00","79,323.00","187,389.00"
,Port of NY & NJ,"261,200.00","129,565.00","1,716.00","382,217.00","774,698.00"
,"Port of Virginia, VA","57,751.00","93,406.00","2,311.00","134,724.00","288,192.00"
,"Savannah, GA","138,142.00","119,873.00","4,791.00","238,090.00","500,896.00"
May 2025 Total,,"1,132,721.75","845,298.00","67,931.60","1,845,495.25","3,891,446.60"
June 2025,"Charleston, SC","52,054.00","56,849.00",950.00,"97,054.00","206,907.00"
,"Houston, TX","36,625.00","133,040.00","22,746.00","139,453.00","331,864.00"
,"Long Beach, CA","254,997.00","87,627.00","13,098.00","348,681.00","704,403.00"
,"Los Angeles, CA","295,597.75","126,144.25",148.00,"470,449.75","892,339.75"
,"NWSA (Seattle & Tacoma, WA)","51,847.00","47,293.00","7,925.00","94,364.00","201,429.00"
,"Oakland, CA","28,133.00","59,592.50","10,399.75","70,334.25","168,459.50"
,Port of NY & NJ,"218,791.00","120,223.00","1,545.00","347,112.00","687,671.00"
,"Port of Virginia, VA","46,191.00","83,619.00","2,319.00","112,308.00","244,437.00"
,"Savannah, GA","98,135.00","115,496.00","4,872.00","191,898.00","410,401.00"
June 2025 Total,,"1,082,370.75","829,883.75","64,002.75","1,871,654.00","3,847,911.25"
July 2025,"Charleston, SC","56,422.00","49,390.00","1,495.00","105,870.00","213,177.00"
,"Houston, TX","48,759.00","133,137.00","23,566.00","187,367.00","392,829.00"
,"Long Beach, CA","371,350.00","91,328.00","13,474.00","468,081.00","944,233.00"
,"Los Angeles, CA","354,099.50","121,507.00",503.00,"543,727.80","1,019,837.30"
,"NWSA (Seattle & Tacoma, WA)","33,913.00","44,303.00","8,312.00","97,683.00","184,211.00"
,"Oakland, CA","33,367.00","65,595.00","11,793.00","92,392.00","203,147.00"
,Port of NY & NJ,"250,910.00","121,999.00","1,228.00","420,131.00","794,268.00"
,"Port of Virginia, VA","47,612.00","81,132.00","1,842.00","128,652.00","259,238.00"
,"Savannah, GA","126,691.00","106,741.00","3,673.00","239,584.00","476,689.00"
July 2025 Total,,"1,323,123.50","815,132.00","65,886.00","2,283,487.80","4,487,629.30"
August 2025,"Charleston, SC","63,676.00","52,564.00","3,213.00","110,697.00","230,150.00"
,"Houston, TX","44,450.00","138,351.00","17,998.00","169,631.00","370,430.00"
,"Long Beach, CA","350,560.00","95,960.00","15,007.00","440,318.00","901,845.00"
,"Los Angeles, CA","326,005.50","127,378.75",456.65,"504,514.25","958,355.15"
,"NWSA (Seattle & Tacoma, WA)","50,707.00","42,098.00","2,495.00","93,003.00","188,303.00"
,"Oakland, CA","36,423.00","62,477.00","11,169.00","82,245.00","192,314.00"
,Port of NY & NJ,"290,356.00","127,552.00","1,928.00","416,009.00","835,845.00"
,"Port of Virginia, VA","63,242.00","85,360.00","2,740.00","140,055.00","291,397.00"
,"Savannah, GA","154,276.00","112,548.00","5,164.00","262,050.00","534,038.00"
August 2025 Total,,"1,379,695.50","844,288.75","60,170.65","2,218,522.25","4,502,677.15"
September 2025,"Charleston, SC","60,772.00","48,513.00",713.00,"102,366.00","212,364.00"
,"Houston, TX","42,782.00","129,067.00","15,284.00","150,526.00","337,659.00"
,"Long Beach, CA","308,982.00","85,081.00","15,390.00","388,084.00","797,537.00"
,"Los Angeles, CA","308,040.50","114,693.00",276.00,"460,043.75","883,053.25"
,"NWSA (Seattle & Tacoma, WA)","52,152.00","56,605.00","6,264.00","105,932.00","220,953.00"
,"Oakland, CA","31,873.00","60,123.00","11,229.00","75,716.25","178,941.25"
,Port of NY & NJ,"254,235.00","120,796.00","1,433.00","363,790.00","740,254.00"
,"Port of Virginia, VA","49,840.00","82,709.00","2,419.00","128,630.00","263,598.00"
,"Savannah, GA","127,427.00","115,719.00","3,250.00","239,596.00","485,992.00"
September 2025 Total,,"1,236,103.50","813,306.00","56,258.00","2,014,684.00","4,120,351.50"
October 2025,"Charleston, SC","50,764.00","53,884.00",887.00,"101,324.00","206,859.00"
,"Houston, TX","39,284.00","140,469.00","21,572.00","164,448.00","365,773.00"
,"Long Beach, CA","322,615.00","99,817.00","15,326.00","401,915.00","839,673.00"
,"Los Angeles, CA","295,359.25","123,764.25",21.00,"429,279.75","848,424.25"
,"NWSA (Seattle & Tacoma, WA)","39,511.00","50,133.00","7,619.00","80,323.00","177,586.00"
,"Oakland, CA","20,454.00","66,195.00","14,035.00","82,195.00","182,879.00"
,Port of NY & NJ,"229,638.00","126,644.00","2,338.00","368,439.00","727,059.00"
,"Port of Virginia, VA","52,907.00","90,564.00","1,931.00","123,727.00","269,129.00"
,"Savannah, GA","113,500.00","116,769.00","3,138.00","219,528.00","452,935.00"
October 2025 Total,,"1,164,032.25","868,239.25","66,867.00","1,971,178.75","4,070,317.25"
November 2025,"Charleston, SC",993.00,"51,124.00","50,611.00","95,214.00","197,942.00"
,"Houston, TX","29,472.00","132,576.00","29,801.00","143,426.00","335,275.00"
,"Long Beach, CA","289,812.00","110,122.00","17,122.00","400,505.00","817,561.00"
,"Los Angeles, CA","262,052.25","113,706.25",69.50,"406,421.00","782,249.00"
,"NWSA (Seattle & Tacoma, WA)","44,972.00","53,186.00","9,108.00","87,393.00","194,659.00"
,"Oakland, CA","19,927.00","68,824.00","12,398.00","73,092.00","174,241.00"
,Port of NY & NJ,"219,493.00","126,838.00","1,735.00","382,286.00","730,352.00"
,"Port of Virginia, VA","32,098.00","94,307.00","1,577.00","121,736.00","249,718.00"
,"Savannah, GA","105,317.00","112,132.00","3,109.00","222,775.00","443,333.00"
November 2025 Total,,"1,004,136.25","862,815.25","125,530.50","1,932,848.00","3,925,330.00"
December 2025,"Houston, TX","34,778.00","131,746.00","16,809.00","148,369.00","331,702.00"
,"Long Beach, CA","325,506.00","102,443.00","14,016.00","392,153.00","834,118.00"
,"Los Angeles, CA","259,002.25","108,074.75",12.00,"424,498.75","791,587.75"
,"NWSA (Seattle & Tacoma, WA)","36,952.00","55,711.00","7,570.00","88,398.00","188,631.00"
,"Oakland, CA","24,863.00","66,019.00","14,667.00","74,031.00","179,580.00"
,"Port of Virginia, VA","50,635.00","85,160.00","2,176.00","127,602.00","265,573.00"
,"Savannah, GA","104,340.00","110,419.00","3,116.00","221,755.00","439,630.00"
December 2025 Total,,"836,076.25","659,572.75","58,366.00","1,476,806.75","3,030,821.75"
Grand Total,,"90,804,230.05","70,656,359.25","5,723,312.95","159,586,618.35","326,770,520.60"
February 2024,"Export, Loaded","Houston, TX",145766,,,
March 2024,"Export, Loaded","Houston, TX",134221,,,
April 2024,"Export, Loaded","Houston, TX",119302,,,
May 2024,"Export, Loaded","Houston, TX",131690,,,
June 2024,"Export, Loaded","Houston, TX",114728,,,
July 2024,"Export, Loaded","Houston, TX",112607,,,
August 2024,"Export, Loaded","Houston, TX",131241,,,
September 2024,"Export, Loaded","Houston, TX",114299,,,
October 2024,"Export, Loaded","Houston, TX",99013,,,
November 2024,"Export, Loaded","Houston, TX",135299,,,
December 2024,"Export, Loaded","Houston, TX",135446,,,
January 2025,"Export, Loaded","Houston, TX",122931,,,
February 2025,"Export, Loaded","Houston, TX",122740,,,
March 2025,"Export, Loaded","Houston, TX",152857,,,
April 2025,"Export, Loaded","Houston, TX",138810,,,
May 2025,"Export, Loaded","Houston, TX",132900,,,
January 2019,"Export, Loaded","Long Beach, CA",117288,,,
February 2019,"Export, Loaded","Long Beach, CA",105287,,,
March 2019,"Export, Loaded","Long Beach, CA",131436,,,
April 2019,"Export, Loaded","Long Beach, CA",123804,,,
May 2019,"Export, Loaded","Long Beach, CA",120577,,,
June 2019,"Export, Loaded","Long Beach, CA",133833,,,
July 2019,"Export, Loaded","Long Beach, CA",111654,,,
August 2019,"Export, Loaded","Long Beach, CA",124975,,,
September 2019,"Export, Loaded","Long Beach, CA",123215,,,
October 2019,"Export, Loaded","Long Beach, CA",131635,,,
November 2019,"Export, Loaded","Long Beach, CA",123705,,,
December 2019,"Export, Loaded","Long Beach, CA",125395,,,
January 2020,"Export, Loaded","Long Beach, CA",108624,,,
February 2020,"Export, Loaded","Long Beach, CA",125559,,,
March 2020,"Export, Loaded","Long Beach, CA",145442,,,
April 2020,"Export, Loaded","Long Beach, CA",102502,,,
May 2020,"Export, Loaded","Long Beach, CA",134556,,,
June 2020,"Export, Loaded","Long Beach, CA",117538,,,
July 2020,"Export, Loaded","Long Beach, CA",138602,,,
August 2020,"Export, Loaded","Long Beach, CA",126177,,,
September 2020,"Export, Loaded","Long Beach, CA",112556,,,
October 2020,"Export, Loaded","Long Beach, CA",114679,,,
November 2020,"Export, Loaded","Long Beach, CA",117283,,,
December 2020,"Export, Loaded","Long Beach, CA",132374,,,
January 2021,"Export, Loaded","Long Beach, CA",116254,,,
February 2021,"Export, Loaded","Long Beach, CA",119416,,,
March 2021,"Export, Loaded","Long Beach, CA",139710,,,
April 2021,"Export, Loaded","Long Beach, CA",124069,,,
May 2021,"Export, Loaded","Long Beach, CA",135345,,,
June 2021,"Export, Loaded","Long Beach, CA",116947,,,
July 2021,"Export, Loaded","Long Beach, CA",109951,,,
August 2021,"Export, Loaded","Long Beach, CA",119485,,,
September 2021,"Export, Loaded","Long Beach, CA",110787,,,
October 2021,"Export, Loaded","Long Beach, CA",122214,,,
November 2021,"Export, Loaded","Long Beach, CA",109821,,,
December 2021,"Export, Loaded","Long Beach, CA",113918,,,
January 2022,"Export, Loaded","Long Beach, CA",123060,,,
February 2022,"Export, Loaded","Long Beach, CA",117935,,,
March 2022,"Export, Loaded","Long Beach, CA",114185,,,
April 2022,"Export, Loaded","Long Beach, CA",121876,,,
May 2022,"Export, Loaded","Long Beach, CA",118234,,,
June 2022,"Export, Loaded","Long Beach, CA",115303,,,
July 2022,"Export, Loaded","Long Beach, CA",109411,,,
August 2022,"Export, Loaded","Long Beach, CA",121408,,,
September 2022,"Export, Loaded","Long Beach, CA",112940,,,
October 2022,"Export, Loaded","Long Beach, CA",119761,,,
November 2022,"Export, Loaded","Long Beach, CA",124988,,,
December 2022,"Export, Loaded","Long Beach, CA",115782,,,
January 2023,"Export, Loaded","Long Beach, CA",105623,,,
February 2023,"Export, Loaded","Long Beach, CA",110919,,,
March 2023,"Export, Loaded","Long Beach, CA",133512,,,
April 2023,"Export, Loaded","Long Beach, CA",122663,,,
May 2023,"Export, Loaded","Long Beach, CA",127870,,,
June 2023,"Export, Loaded","Long Beach, CA",94508,,,
July 2023,"Export, Loaded","Long Beach, CA",90134,,,
August 2023,"Export, Loaded","Long Beach, CA",93402,,,
September 2023,"Export, Loaded","Long Beach, CA",101248,,,
October 2023,"Export, Loaded","Long Beach, CA",90073,,,
November 2023,"Export, Loaded","Long Beach, CA",108798,,,
December 2023,"Export, Loaded","Long Beach, CA",103688,,,
January 2024,"Export, Loaded","Long Beach, CA",86525,,,
February 2024,"Export, Loaded","Long Beach, CA",87474,,,
March 2024,"Export, Loaded","Long Beach, CA",105099,,,
April 2024,"Export, Loaded","Long Beach, CA",98266,,,
May 2024,"Export, Loaded","Long Beach, CA",98300,,,
June 2024,"Export, Loaded","Long Beach, CA",98300,,,
July 2024,"Export, Loaded","Long Beach, CA",104834,,,
August 2024,"Export, Loaded","Long Beach, CA",104646,,,
September 2024,"Export, Loaded","Long Beach, CA",88289,,,
October 2024,"Export, Loaded","Long Beach, CA",112845,,,
November 2024,"Export, Loaded","Long Beach, CA",119083,,,
December 2024,"Export, Loaded","Long Beach, CA",100792,,,
January 2025,"Export, Loaded","Long Beach, CA",98655,,,
February 2025,"Export, Loaded","Long Beach, CA",90026,,,
March 2025,"Export, Loaded","Long Beach, CA",104063,,,
April 2025,"Export, Loaded","Long Beach, CA",93842,,,
May 2025,"Export, Loaded","Long Beach, CA",82149,,,
January 2019,"Export, Loaded","Los Angeles, CA",144993,,,
February 2019,"Export, Loaded","Los Angeles, CA",142554.5,,,
March 2019,"Export, Loaded","Los Angeles, CA",158923.75,,,
April 2019,"Export, Loaded","Los Angeles, CA",155532.75,,,
May 2019,"Export, Loaded","Los Angeles, CA",167357.25,,,
June 2019,"Export, Loaded","Los Angeles, CA",139318,,,
July 2019,"Export, Loaded","Los Angeles, CA",161340.25,,,
August 2019,"Export, Loaded","Los Angeles, CA",146284,,,
September 2019,"Export, Loaded","Los Angeles, CA",130768.5,,,
October 2019,"Export, Loaded","Los Angeles, CA",140331.5,,,
November 2019,"Export, Loaded","Los Angeles, CA",138544.5,,,
December 2019,"Export, Loaded","Los Angeles, CA",130228.5,,,
January 2020,"Export, Loaded","Los Angeles, CA",148206,,,
February 2020,"Export, Loaded","Los Angeles, CA",134468.5,,,
March 2020,"Export, Loaded","Los Angeles, CA",121146,,,
April 2020,"Export, Loaded","Los Angeles, CA",130321.25,,,
May 2020,"Export, Loaded","Los Angeles, CA",104382,,,
June 2020,"Export, Loaded","Los Angeles, CA",109585.75,,,
July 2020,"Export, Loaded","Los Angeles, CA",126353.7,,,
August 2020,"Export, Loaded","Los Angeles, CA",131428.75,,,
September 2020,"Export, Loaded","Los Angeles, CA",130396.75,,,
October 2020,"Export, Loaded","Los Angeles, CA",143935.75,,,
November 2020,"Export, Loaded","Los Angeles, CA",130916.5,,,
December 2020,"Export, Loaded","Los Angeles, CA",120265,,,
January 2021,"Export, Loaded","Los Angeles, CA",119326.75,,,
February 2021,"Export, Loaded","Los Angeles, CA",101208.15,,,
March 2021,"Export, Loaded","Los Angeles, CA",122899,,,
April 2021,"Export, Loaded","Los Angeles, CA",114448.5,,,
May 2021,"Export, Loaded","Los Angeles, CA",109886,,,
June 2021,"Export, Loaded","Los Angeles, CA",96066.75,,,
July 2021,"Export, Loaded","Los Angeles, CA",91439.5,,,
August 2021,"Export, Loaded","Los Angeles, CA",101292,,,
September 2021,"Export, Loaded","Los Angeles, CA",75713.5,,,
October 2021,"Export, Loaded","Los Angeles, CA",98251.25,,,
November 2021,"Export, Loaded","Los Angeles, CA",82741.35,,,
December 2021,"Export, Loaded","Los Angeles, CA",70871.75,,,
January 2022,"Export, Loaded","Los Angeles, CA",100185.25,,,
February 2022,"Export, Loaded","Los Angeles, CA",95441,,,
March 2022,"Export, Loaded","Los Angeles, CA",111781.25,,,
April 2022,"Export, Loaded","Los Angeles, CA",99878,,,
May 2022,"Export, Loaded","Los Angeles, CA",125655.5,,,
June 2022,"Export, Loaded","Los Angeles, CA",93889.5,,,
July 2022,"Export, Loaded","Los Angeles, CA",103899,,,
August 2022,"Export, Loaded","Los Angeles, CA",102319.25,,,
September 2022,"Export, Loaded","Los Angeles, CA",77680.25,,,
October 2022,"Export, Loaded","Los Angeles, CA",89721.75,,,
November 2022,"Export, Loaded","Los Angeles, CA",90115.75,,,
December 2022,"Export, Loaded","Los Angeles, CA",96518,,,
January 2023,"Export, Loaded","Los Angeles, CA",102723,,,
February 2023,"Export, Loaded","Los Angeles, CA",82404,,,
March 2023,"Export, Loaded","Los Angeles, CA",98276,,,
April 2023,"Export, Loaded","Los Angeles, CA",88201.75,,,
May 2023,"Export, Loaded","Los Angeles, CA",101741,,,
June 2023,"Export, Loaded","Los Angeles, CA",108049.5,,,
July 2023,"Export, Loaded","Los Angeles, CA",110372.25,,,
August 2023,"Export, Loaded","Los Angeles, CA",124987.5,,,
September 2023,"Export, Loaded","Los Angeles, CA",120635.25,,,
October 2023,"Export, Loaded","Los Angeles, CA",121276.5,,,
November 2023,"Export, Loaded","Los Angeles, CA",111754.75,,,
December 2023,"Export, Loaded","Los Angeles, CA",121574.75,,,
January 2024,"Export, Loaded","Los Angeles, CA",126553.75,,,
February 2024,"Export, Loaded","Los Angeles, CA",132754.5,,,
March 2024,"Export, Loaded","Los Angeles, CA",144717.8,,,
April 2024,"Export, Loaded","Los Angeles, CA",133046.25,,,
May 2024,"Export, Loaded","Los Angeles, CA",125962.75,,,
June 2024,"Export, Loaded","Los Angeles, CA",122515,,,
July 2024,"Export, Loaded","Los Angeles, CA",114888.75,,,
August 2024,"Export, Loaded","Los Angeles, CA",121743.75,,,
September 2024,"Export, Loaded","Los Angeles, CA",114702.25,,,
October 2024,"Export, Loaded","Los Angeles, CA",122715.75,,,
November 2024,"Export, Loaded","Los Angeles, CA",124117,,,
December 2024,"Export, Loaded","Los Angeles, CA",110483.75,,,
January 2025,"Export, Loaded","Los Angeles, CA",113270.75,,,
February 2025,"Export, Loaded","Los Angeles, CA",109156.25,,,
March 2025,"Export, Loaded","Los Angeles, CA",122974.75,,,
April 2025,"Export, Loaded","Los Angeles, CA",128394,,,
May 2025,"Export, Loaded","Los Angeles, CA",120196,,,
January 2019,"Export, Loaded","NWSA (Seattle & Tacoma, WA)",72859,,,
February 2019,"Export, Loaded","NWSA (Seattle & Tacoma, WA)",65610,,,
March 2019,"Export, Loaded","NWSA (Seattle & Tacoma, WA)",86856,,,
April 2019,"Export, Loaded","NWSA (Seattle & Tacoma, WA)",81305,,,
May 2019,"Export, Loaded","NWSA (Seattle & Tacoma, WA)",70541,,,
June 2019,"Export, Loaded","NWSA (Seattle & Tacoma, WA)",76559,,,
July 2019,"Export, Loaded","NWSA (Seattle & Tacoma, WA)",73828,,,
August 2019,"Export, Loaded","NWSA (Seattle & Tacoma, WA)",74852,,,
September 2019,"Export, Loaded","NWSA (Seattle & Tacoma, WA)",82148,,,
October 2019,"Export, Loaded","NWSA (Seattle & Tacoma, WA)",79321,,,
November 2019,"Export, Loaded","NWSA (Seattle & Tacoma, WA)",73589,,,
December 2019,"Export, Loaded","NWSA (Seattle & Tacoma, WA)",75868,,,
January 2020,"Export, Loaded","NWSA (Seattle & Tacoma, WA)",66410,,,
February 2020,"Export, Loaded","NWSA (Seattle & Tacoma, WA)",68553,,,
March 2020,"Export, Loaded","NWSA (Seattle & Tacoma, WA)",79395,,,
April 2020,"Export, Loaded","NWSA (Seattle & Tacoma, WA)",66955,,,
May 2020,"Export, Loaded","NWSA (Seattle & Tacoma, WA)",59595,,,
June 2020,"Export, Loaded","NWSA (Seattle & Tacoma, WA)",70431,,,
July 2020,"Export, Loaded","NWSA (Seattle & Tacoma, WA)",56547,,,
August 2020,"Export, Loaded","NWSA (Seattle & Tacoma, WA)",54918,,,
September 2020,"Export, Loaded","NWSA (Seattle & Tacoma, WA)",66939,,,
October 2020,"Export, Loaded","NWSA (Seattle & Tacoma, WA)",64282,,,
November 2020,"Export, Loaded","NWSA (Seattle & Tacoma, WA)",72746,,,
December 2020,"Export, Loaded","NWSA (Seattle & Tacoma, WA)",63849,,,
January 2021,"Export, Loaded","NWSA (Seattle & Tacoma, WA)",58189,,,
February 2021,"Export, Loaded","NWSA (Seattle & Tacoma, WA)",60525,,,
March 2021,"Export, Loaded","NWSA (Seattle & Tacoma, WA)",72875,,,
April 2021,"Export, Loaded","NWSA (Seattle & Tacoma, WA)",59729,,,
May 2021,"Export, Loaded","NWSA (Seattle & Tacoma, WA)",63558,,,
June 2021,"Export, Loaded","NWSA (Seattle & Tacoma, WA)",56976,,,
July 2021,"Export, Loaded","NWSA (Seattle & Tacoma, WA)",48893,,,
August 2021,"Export, Loaded","NWSA (Seattle & Tacoma, WA)",53922,,,
September 2021,"Export, Loaded","NWSA (Seattle & Tacoma, WA)",58636,,,
October 2021,"Export, Loaded","NWSA (Seattle & Tacoma, WA)",58102,,,
November 2021,"Export, Loaded","NWSA (Seattle & Tacoma, WA)",59341,,,
December 2021,"Export, Loaded","NWSA (Seattle & Tacoma, WA)",40703,,,
January 2022,"Export, Loaded","NWSA (Seattle & Tacoma, WA)",37219,,,
February 2022,"Export, Loaded","NWSA (Seattle & Tacoma, WA)",45855,,,
March 2022,"Export, Loaded","NWSA (Seattle & Tacoma, WA)",54740,,,
April 2022,"Export, Loaded","NWSA (Seattle & Tacoma, WA)",46600,,,
May 2022,"Export, Loaded","NWSA (Seattle & Tacoma, WA)",45543,,,
June 2022,"Export, Loaded","NWSA (Seattle & Tacoma, WA)",51964,,,
July 2022,"Export, Loaded","NWSA (Seattle & Tacoma, WA)",40697,,,
August 2022,"Export, Loaded","NWSA (Seattle & Tacoma, WA)",48563,,,
September 2022,"Export, Loaded","NWSA (Seattle & Tacoma, WA)",46315,,,
October 2022,"Export, Loaded","NWSA (Seattle & Tacoma, WA)",41693,,,
November 2022,"Export, Loaded","NWSA (Seattle & Tacoma, WA)",48931,,,
December 2022,"Export, Loaded","NWSA (Seattle & Tacoma, WA)",46781,,,
January 2023,"Export, Loaded","NWSA (Seattle & Tacoma, WA)",38637,,,
February 2023,"Export, Loaded","NWSA (Seattle & Tacoma, WA)",45716,,,
March 2023,"Export, Loaded","NWSA (Seattle & Tacoma, WA)",51759,,,
April 2023,"Export, Loaded","NWSA (Seattle & Tacoma, WA)",47121,,,
May 2023,"Export, Loaded","NWSA (Seattle & Tacoma, WA)",42713,,,
June 2023,"Export, Loaded","NWSA (Seattle & Tacoma, WA)",45891,,,
July 2023,"Export, Loaded","NWSA (Seattle & Tacoma, WA)",37598,,,
August 2023,"Export, Loaded","NWSA (Seattle & Tacoma, WA)",43399,,,
September 2023,"Export, Loaded","NWSA (Seattle & Tacoma, WA)",61867,,,
October 2023,"Export, Loaded","NWSA (Seattle & Tacoma, WA)",54886,,,
November 2023,"Export, Loaded","NWSA (Seattle & Tacoma, WA)",51537,,,
December 2023,"Export, Loaded","NWSA (Seattle & Tacoma, WA)",67622,,,
January 2024,"Export, Loaded","NWSA (Seattle & Tacoma, WA)",46215,,,
February 2024,"Export, Loaded","NWSA (Seattle & Tacoma, WA)",50150,,,
March 2024,"Export, Loaded","NWSA (Seattle & Tacoma, WA)",59842,,,
April 2024,"Export, Loaded","NWSA (Seattle & Tacoma, WA)",54489,,,
May 2024,"Export, Loaded","NWSA (Seattle & Tacoma, WA)",51607,,,
June 2024,"Export, Loaded","NWSA (Seattle & Tacoma, WA)",51656,,,
July 2024,"Export, Loaded","NWSA (Seattle & Tacoma, WA)",36940,,,
August 2024,"Export, Loaded","NWSA (Seattle & Tacoma, WA)",51427,,,
September 2024,"Export, Loaded","NWSA (Seattle & Tacoma, WA)",57275,,,
October 2024,"Export, Loaded","NWSA (Seattle & Tacoma, WA)",47547,,,
November 2024,"Export, Loaded","NWSA (Seattle & Tacoma, WA)",63964,,,
December 2024,"Export, Loaded","NWSA (Seattle & Tacoma, WA)",65396,,,
January 2025,"Export, Loaded","NWSA (Seattle & Tacoma, WA)",48312,,,
February 2025,"Export, Loaded","NWSA (Seattle & Tacoma, WA)",46267,,,
March 2025,"Export, Loaded","NWSA (Seattle & Tacoma, WA)",61575,,,
April 2025,"Export, Loaded","NWSA (Seattle & Tacoma, WA)",53558,,,
May 2025,"Export, Loaded","NWSA (Seattle & Tacoma, WA)",46086,,,
January 2019,"Export, Loaded","Oakland, CA",75350,,,
February 2019,"Export, Loaded","Oakland, CA",67837,,,
March 2019,"Export, Loaded","Oakland, CA",88202,,,
April 2019,"Export, Loaded","Oakland, CA",79291,,,
May 2019,"Export, Loaded","Oakland, CA",78070,,,
June 2019,"Export, Loaded","Oakland, CA",74901,,,
July 2019,"Export, Loaded","Oakland, CA",76414,,,
August 2019,"Export, Loaded","Oakland, CA",75080,,,
September 2019,"Export, Loaded","Oakland, CA",72058,,,
October 2019,"Export, Loaded","Oakland, CA",87393,,,
November 2019,"Export, Loaded","Oakland, CA",81780,,,
December 2019,"Export, Loaded","Oakland, CA",74643,,,
January 2020,"Export, Loaded","Oakland, CA",77932,,,
February 2020,"Export, Loaded","Oakland, CA",78280,,,
March 2020,"Export, Loaded","Oakland, CA",83782,,,
April 2020,"Export, Loaded","Oakland, CA",82164,,,
May 2020,"Export, Loaded","Oakland, CA",69720,,,
June 2020,"Export, Loaded","Oakland, CA",70638,,,
July 2020,"Export, Loaded","Oakland, CA",71525,,,
August 2020,"Export, Loaded","Oakland, CA",76144,,,
September 2020,"Export, Loaded","Oakland, CA",75674,,,
October 2020,"Export, Loaded","Oakland, CA",86942,,,
November 2020,"Export, Loaded","Oakland, CA",79667,,,
December 2020,"Export, Loaded","Oakland, CA",75330,,,
January 2021,"Export, Loaded","Oakland, CA",69147,,,
February 2021,"Export, Loaded","Oakland, CA",69525,,,
March 2021,"Export, Loaded","Oakland, CA",94169,,,
April 2021,"Export, Loaded","Oakland, CA",80290,,,
May 2021,"Export, Loaded","Oakland, CA",74726,,,
June 2021,"Export, Loaded","Oakland, CA",71192,,,
July 2021,"Export, Loaded","Oakland, CA",68153,,,
August 2021,"Export, Loaded","Oakland, CA",71753,,,
September 2021,"Export, Loaded","Oakland, CA",62203,,,
October 2021,"Export, Loaded","Oakland, CA",63338,,,
November 2021,"Export, Loaded","Oakland, CA",72155,,,
December 2021,"Export, Loaded","Oakland, CA",55724,,,
January 2022,"Export, Loaded","Oakland, CA",61704,,,
February 2022,"Export, Loaded","Oakland, CA",62334,,,
March 2022,"Export, Loaded","Oakland, CA",69878,,,
April 2022,"Export, Loaded","Oakland, CA",65834,,,
May 2022,"Export, Loaded","Oakland, CA",75067,,,
June 2022,"Export, Loaded","Oakland, CA",68227,,,
July 2022,"Export, Loaded","Oakland, CA",47166,,,
August 2022,"Export, Loaded","Oakland, CA",67838,,,
September 2022,"Export, Loaded","Oakland, CA",54756,,,
October 2022,"Export, Loaded","Oakland, CA",66408,,,
November 2022,"Export, Loaded","Oakland, CA",63283,,,
December 2022,"Export, Loaded","Oakland, CA",58302,,,
January 2023,"Export, Loaded","Oakland, CA",57278.75,,,
February 2023,"Export, Loaded","Oakland, CA",55740.5,,,
March 2023,"Export, Loaded","Oakland, CA",65634,,,
April 2023,"Export, Loaded","Oakland, CA",63193,,,
May 2023,"Export, Loaded","Oakland, CA",63475,,,
June 2023,"Export, Loaded","Oakland, CA",54137.75,,,
July 2023,"Export, Loaded","Oakland, CA",58058.75,,,
August 2023,"Export, Loaded","Oakland, CA",62773,,,
September 2023,"Export, Loaded","Oakland, CA",59757,,,
October 2023,"Export, Loaded","Oakland, CA",68974,,,
November 2023,"Export, Loaded","Oakland, CA",61390,,,
December 2023,"Export, Loaded","Oakland, CA",65801,,,
January 2024,"Export, Loaded","Oakland, CA",62596,,,
February 2024,"Export, Loaded","Oakland, CA",69242,,,
March 2024,"Export, Loaded","Oakland, CA",75352,,,
April 2024,"Export, Loaded","Oakland, CA",67566,,,
May 2024,"Export, Loaded","Oakland, CA",61930.5,,,
June 2024,"Export, Loaded","Oakland, CA",66540,,,
July 2024,"Export, Loaded","Oakland, CA",59362,,,
August 2024,"Export, Loaded","Oakland, CA",59362,,,
September 2024,"Export, Loaded","Oakland, CA",61466,,,
October 2024,"Export, Loaded","Oakland, CA",66648.5,,,
November 2024,"Export, Loaded","Oakland, CA",66618.5,,,
December 2024,"Export, Loaded","Oakland, CA",59535.25,,,
January 2025,"Export, Loaded","Oakland, CA",64735,,,
February 2025,"Export, Loaded","Oakland, CA",65522,,,
March 2025,"Export, Loaded","Oakland, CA",76157,,,
April 2025,"Export, Loaded","Oakland, CA",64723.25,,,
May 2025,"Export, Loaded","Oakland, CA",67327,,,
January 2019,"Export, Loaded",Port of NY & NJ,111833,,,
February 2019,"Export, Loaded",Port of NY & NJ,113358,,,
March 2019,"Export, Loaded",Port of NY & NJ,130038,,,
April 2019,"Export, Loaded",Port of NY & NJ,131311,,,
May 2019,"Export, Loaded",Port of NY & NJ,132315,,,
June 2019,"Export, Loaded",Port of NY & NJ,122663,,,
July 2019,"Export, Loaded",Port of NY & NJ,118015,,,
August 2019,"Export, Loaded",Port of NY & NJ,127237,,,
September 2019,"Export, Loaded",Port of NY & NJ,116231,,,
October 2019,"Export, Loaded",Port of NY & NJ,127256,,,
November 2019,"Export, Loaded",Port of NY & NJ,119422,,,
December 2019,"Export, Loaded",Port of NY & NJ,110768,,,
January 2020,"Export, Loaded",Port of NY & NJ,118488,,,
February 2020,"Export, Loaded",Port of NY & NJ,113801,,,
March 2020,"Export, Loaded",Port of NY & NJ,136780,,,
April 2020,"Export, Loaded",Port of NY & NJ,97312,,,
May 2020,"Export, Loaded",Port of NY & NJ,95462,,,
June 2020,"Export, Loaded",Port of NY & NJ,97769,,,
July 2020,"Export, Loaded",Port of NY & NJ,102740,,,
August 2020,"Export, Loaded",Port of NY & NJ,103067,,,
September 2020,"Export, Loaded",Port of NY & NJ,114690,,,
October 2020,"Export, Loaded",Port of NY & NJ,118281,,,
November 2020,"Export, Loaded",Port of NY & NJ,118762,,,
December 2020,"Export, Loaded",Port of NY & NJ,103891,,,
January 2021,"Export, Loaded",Port of NY & NJ,108738,,,
February 2021,"Export, Loaded",Port of NY & NJ,94698,,,
March 2021,"Export, Loaded",Port of NY & NJ,126699,,,
April 2021,"Export, Loaded",Port of NY & NJ,121671,,,
May 2021,"Export, Loaded",Port of NY & NJ,134458,,,
June 2021,"Export, Loaded",Port of NY & NJ,112987,,,
July 2021,"Export, Loaded",Port of NY & NJ,111159,,,
August 2021,"Export, Loaded",Port of NY & NJ,103886,,,
September 2021,"Export, Loaded",Port of NY & NJ,99893,,,
October 2021,"Export, Loaded",Port of NY & NJ,120250,,,
November 2021,"Export, Loaded",Port of NY & NJ,118155,,,
December 2021,"Export, Loaded",Port of NY & NJ,106136,,,
January 2022,"Export, Loaded",Port of NY & NJ,100663,,,
February 2022,"Export, Loaded",Port of NY & NJ,103782,,,
March 2022,"Export, Loaded",Port of NY & NJ,119248,,,
April 2022,"Export, Loaded",Port of NY & NJ,112235,,,
May 2022,"Export, Loaded",Port of NY & NJ,118552,,,
June 2022,"Export, Loaded",Port of NY & NJ,109843,,,
July 2022,"Export, Loaded",Port of NY & NJ,95823,,,
August 2022,"Export, Loaded",Port of NY & NJ,109058,,,
September 2022,"Export, Loaded",Port of NY & NJ,103263,,,
October 2022,"Export, Loaded",Port of NY & NJ,112325,,,
November 2022,"Export, Loaded",Port of NY & NJ,110111,,,
December 2022,"Export, Loaded",Port of NY & NJ,102866,,,
January 2023,"Export, Loaded",Port of NY & NJ,112269,,,
February 2023,"Export, Loaded",Port of NY & NJ,98692,,,
March 2023,"Export, Loaded",Port of NY & NJ,117924,,,
April 2023,"Export, Loaded",Port of NY & NJ,110243,,,
May 2023,"Export, Loaded",Port of NY & NJ,110695,,,
June 2023,"Export, Loaded",Port of NY & NJ,101509,,,
July 2023,"Export, Loaded",Port of NY & NJ,100195,,,
August 2023,"Export, Loaded",Port of NY & NJ,106025,,,
September 2023,"Export, Loaded",Port of NY & NJ,100379,,,
October 2023,"Export, Loaded",Port of NY & NJ,111024,,,
November 2023,"Export, Loaded",Port of NY & NJ,111743,,,
December 2023,"Export, Loaded",Port of NY & NJ,104278,,,
January 2024,"Export, Loaded",Port of NY & NJ,104724,,,
February 2024,"Export, Loaded",Port of NY & NJ,101636,,,
March 2024,"Export, Loaded",Port of NY & NJ,117893,,,
April 2024,"Export, Loaded",Port of NY & NJ,121847,,,
May 2024,"Export, Loaded",Port of NY & NJ,124801,,,
June 2024,"Export, Loaded",Port of NY & NJ,112663,,,
July 2024,"Export, Loaded",Port of NY & NJ,112175,,,
August 2024,"Export, Loaded",Port of NY & NJ,116628,,,
September 2024,"Export, Loaded",Port of NY & NJ,118632,,,
October 2024,"Export, Loaded",Port of NY & NJ,87407,,,
November 2024,"Export, Loaded",Port of NY & NJ,123530,,,
December 2024,"Export, Loaded",Port of NY & NJ,112485,,,
January 2025,"Export, Loaded",Port of NY & NJ,98706,,,
February 2025,"Export, Loaded",Port of NY & NJ,107335,,,
March 2025,"Export, Loaded",Port of NY & NJ,134966,,,
April 2025,"Export, Loaded",Port of NY & NJ,121770,,,
May 2025,"Export, Loaded",Port of NY & NJ,129565,,,
January 2019,"Export, Loaded","Port of Virginia, VA",77948,,,
February 2019,"Export, Loaded","Port of Virginia, VA",76642,,,
March 2019,"Export, Loaded","Port of Virginia, VA",89282,,,
April 2019,"Export, Loaded","Port of Virginia, VA",85378,,,
May 2019,"Export, Loaded","Port of Virginia, VA",88065,,,
June 2019,"Export, Loaded","Port of Virginia, VA",76535,,,
July 2019,"Export, Loaded","Port of Virginia, VA",80955,,,
August 2019,"Export, Loaded","Port of Virginia, VA",80655,,,
September 2019,"Export, Loaded","Port of Virginia, VA",71561,,,
October 2019,"Export, Loaded","Port of Virginia, VA",83557,,,
November 2019,"Export, Loaded","Port of Virginia, VA",77241,,,
December 2019,"Export, Loaded","Port of Virginia, VA",78285,,,
January 2020,"Export, Loaded","Port of Virginia, VA",79328,,,
February 2020,"Export, Loaded","Port of Virginia, VA",80834,,,
March 2020,"Export, Loaded","Port of Virginia, VA",90761,,,
April 2020,"Export, Loaded","Port of Virginia, VA",71158,,,
May 2020,"Export, Loaded","Port of Virginia, VA",72160,,,
June 2020,"Export, Loaded","Port of Virginia, VA",71591,,,
July 2020,"Export, Loaded","Port of Virginia, VA",68594,,,
August 2020,"Export, Loaded","Port of Virginia, VA",75325,,,
September 2020,"Export, Loaded","Port of Virginia, VA",75526,,,
October 2020,"Export, Loaded","Port of Virginia, VA",83705,,,
November 2020,"Export, Loaded","Port of Virginia, VA",89032,,,
December 2020,"Export, Loaded","Port of Virginia, VA",82670,,,
January 2021,"Export, Loaded","Port of Virginia, VA",84688,,,
February 2021,"Export, Loaded","Port of Virginia, VA",87466,,,
March 2021,"Export, Loaded","Port of Virginia, VA",94846,,,
April 2021,"Export, Loaded","Port of Virginia, VA",95618,,,
May 2021,"Export, Loaded","Port of Virginia, VA",99717,,,
June 2021,"Export, Loaded","Port of Virginia, VA",78853,,,
July 2021,"Export, Loaded","Port of Virginia, VA",81068,,,
August 2021,"Export, Loaded","Port of Virginia, VA",85256,,,
September 2021,"Export, Loaded","Port of Virginia, VA",80697,,,
October 2021,"Export, Loaded","Port of Virginia, VA",88710,,,
November 2021,"Export, Loaded","Port of Virginia, VA",84002,,,
December 2021,"Export, Loaded","Port of Virginia, VA",88667,,,
January 2022,"Export, Loaded","Port of Virginia, VA",69589,,,
February 2022,"Export, Loaded","Port of Virginia, VA",88582,,,
March 2022,"Export, Loaded","Port of Virginia, VA",95803,,,
April 2022,"Export, Loaded","Port of Virginia, VA",99589,,,
May 2022,"Export, Loaded","Port of Virginia, VA",97705,,,
June 2022,"Export, Loaded","Port of Virginia, VA",86098,,,
July 2022,"Export, Loaded","Port of Virginia, VA",85169.5,,,
August 2022,"Export, Loaded","Port of Virginia, VA",95745,,,
September 2022,"Export, Loaded","Port of Virginia, VA",84466,,,
October 2022,"Export, Loaded","Port of Virginia, VA",89574,,,
November 2022,"Export, Loaded","Port of Virginia, VA",92988,,,
December 2022,"Export, Loaded","Port of Virginia, VA",90838,,,
January 2023,"Export, Loaded","Port of Virginia, VA",96430.5,,,
February 2023,"Export, Loaded","Port of Virginia, VA",96399.25,,,
March 2023,"Export, Loaded","Port of Virginia, VA",100472.5,,,
April 2023,"Export, Loaded","Port of Virginia, VA",91470.75,,,
May 2023,"Export, Loaded","Port of Virginia, VA",88044,,,
June 2023,"Export, Loaded","Port of Virginia, VA",82413.75,,,
July 2023,"Export, Loaded","Port of Virginia, VA",88941.5,,,
August 2023,"Export, Loaded","Port of Virginia, VA",89959,,,
September 2023,"Export, Loaded","Port of Virginia, VA",81515,,,
October 2023,"Export, Loaded","Port of Virginia, VA",92589,,,
November 2023,"Export, Loaded","Port of Virginia, VA",101627.75,,,
December 2023,"Export, Loaded","Port of Virginia, VA",91758,,,
January 2024,"Export, Loaded","Port of Virginia, VA",94376,,,
February 2024,"Export, Loaded","Port of Virginia, VA",99969,,,
March 2024,"Export, Loaded","Port of Virginia, VA",101170,,,
April 2024,"Export, Loaded","Port of Virginia, VA",104073,,,
May 2024,"Export, Loaded","Port of Virginia, VA",98687,,,
June 2024,"Export, Loaded","Port of Virginia, VA",95262,,,
July 2024,"Export, Loaded","Port of Virginia, VA",92564,,,
August 2024,"Export, Loaded","Port of Virginia, VA",93663,,,
September 2024,"Export, Loaded","Port of Virginia, VA",95478,,,
October 2024,"Export, Loaded","Port of Virginia, VA",66115,,,
November 2024,"Export, Loaded","Port of Virginia, VA",100531,,,
December 2024,"Export, Loaded","Port of Virginia, VA",97072,,,
January 2025,"Export, Loaded","Port of Virginia, VA",83950,,,
February 2025,"Export, Loaded","Port of Virginia, VA",82660,,,
March 2025,"Export, Loaded","Port of Virginia, VA",102448,,,
April 2025,"Export, Loaded","Port of Virginia, VA",94395.5,,,
May 2025,"Export, Loaded","Port of Virginia, VA",93406,,,
January 2019,"Export, Loaded","Savannah, GA",124373,,,
February 2019,"Export, Loaded","Savannah, GA",105260,,,
March 2019,"Export, Loaded","Savannah, GA",155083,,,
April 2019,"Export, Loaded","Savannah, GA",129726,,,
May 2019,"Export, Loaded","Savannah, GA",126895,,,
June 2019,"Export, Loaded","Savannah, GA",119295,,,
July 2019,"Export, Loaded","Savannah, GA",117790,,,
August 2019,"Export, Loaded","Savannah, GA",125558,,,
September 2019,"Export, Loaded","Savannah, GA",107972,,,
October 2019,"Export, Loaded","Savannah, GA",127971,,,
November 2019,"Export, Loaded","Savannah, GA",119126,,,
December 2019,"Export, Loaded","Savannah, GA",111324,,,
January 2020,"Export, Loaded","Savannah, GA",121960,,,
February 2020,"Export, Loaded","Savannah, GA",125953,,,
March 2020,"Export, Loaded","Savannah, GA",136774,,,
April 2020,"Export, Loaded","Savannah, GA",120852,,,
May 2020,"Export, Loaded","Savannah, GA",122271,,,
June 2020,"Export, Loaded","Savannah, GA",117424,,,
July 2020,"Export, Loaded","Savannah, GA",112464,,,
August 2020,"Export, Loaded","Savannah, GA",115665,,,
September 2020,"Export, Loaded","Savannah, GA",105229,,,
October 2020,"Export, Loaded","Savannah, GA",117148,,,
November 2020,"Export, Loaded","Savannah, GA",113357,,,
December 2020,"Export, Loaded","Savannah, GA",105796,,,
January 2021,"Export, Loaded","Savannah, GA",113365,,,
February 2021,"Export, Loaded","Savannah, GA",111045,,,
March 2021,"Export, Loaded","Savannah, GA",135283,,,
April 2021,"Export, Loaded","Savannah, GA",128205,,,
May 2021,"Export, Loaded","Savannah, GA",137812,,,
June 2021,"Export, Loaded","Savannah, GA",114266,,,
July 2021,"Export, Loaded","Savannah, GA",119072,,,
August 2021,"Export, Loaded","Savannah, GA",114070,,,
September 2021,"Export, Loaded","Savannah, GA",108900,,,
October 2021,"Export, Loaded","Savannah, GA",112907,,,
November 2021,"Export, Loaded","Savannah, GA",102508,,,
December 2021,"Export, Loaded","Savannah, GA",84800,,,
January 2022,"Export, Loaded","Savannah, GA",90886,,,
February 2022,"Export, Loaded","Savannah, GA",103690,,,
March 2022,"Export, Loaded","Savannah, GA",109372,,,
April 2022,"Export, Loaded","Savannah, GA",125330,,,
May 2022,"Export, Loaded","Savannah, GA",122287,,,
June 2022,"Export, Loaded","Savannah, GA",122332,,,
July 2022,"Export, Loaded","Savannah, GA",122928,,,
August 2022,"Export, Loaded","Savannah, GA",119192,,,
September 2022,"Export, Loaded","Savannah, GA",100236,,,
October 2022,"Export, Loaded","Savannah, GA",116297,,,
November 2022,"Export, Loaded","Savannah, GA",108577,,,
December 2022,"Export, Loaded","Savannah, GA",107724,,,
January 2023,"Export, Loaded","Savannah, GA",110305,,,
February 2023,"Export, Loaded","Savannah, GA",110772,,,
March 2023,"Export, Loaded","Savannah, GA",118101,,,
April 2023,"Export, Loaded","Savannah, GA",118277,,,
May 2023,"Export, Loaded","Savannah, GA",116247,,,
June 2023,"Export, Loaded","Savannah, GA",111116,,,
July 2023,"Export, Loaded","Savannah, GA",105640,,,
August 2023,"Export, Loaded","Savannah, GA",101539,,,
September 2023,"Export, Loaded","Savannah, GA",101539,,,
October 2023,"Export, Loaded","Savannah, GA",111774,,,
November 2023,"Export, Loaded","Savannah, GA",107623,,,
December 2023,"Export, Loaded","Savannah, GA",113197,,,
January 2024,"Export, Loaded","Savannah, GA",104685,,,
February 2024,"Export, Loaded","Savannah, GA",121933,,,
March 2024,"Export, Loaded","Savannah, GA",127997,,,
April 2024,"Export, Loaded","Savannah, GA",122514,,,
May 2024,"Export, Loaded","Savannah, GA",120664,,,
June 2024,"Export, Loaded","Savannah, GA",120366,,,
July 2024,"Export, Loaded","Savannah, GA",113878,,,
August 2024,"Export, Loaded","Savannah, GA",117828,,,
September 2024,"Export, Loaded","Savannah, GA",101728,,,
October 2024,"Export, Loaded","Savannah, GA",99361,,,
November 2024,"Export, Loaded","Savannah, GA",116004,,,
December 2024,"Export, Loaded","Savannah, GA",109931,,,
January 2025,"Export, Loaded","Savannah, GA",96853,,,
February 2025,"Export, Loaded","Savannah, GA",126924,,,
March 2025,"Export, Loaded","Savannah, GA",142612,,,
April 2025,"Export, Loaded","Savannah, GA",126880,,,
May 2025,"Export, Loaded","Savannah, GA",119873,,,
June 2025,"Export, Loaded","Houston, TX",133040,,,
June 2025,"Export, Loaded","Long Beach, CA",87627,,,
June 2025,"Export, Loaded","Los Angeles, CA",126144.25,,,
June 2025,"Export, Loaded","NWSA (Seattle & Tacoma, WA)",47293,,,
June 2025,"Export, Loaded","Oakland, CA",59592.5,,,
June 2025,"Export, Loaded","Port of Virginia, VA",83619,,,
June 2025,"Export, Loaded",Port of NY & NJ,120223,,,
June 2025,"Export, Loaded","Savannah, GA",115496,,,
June 2025,"Export, Loaded","Charleston, SC",56849,,,
January 2019,"Import, Empty","Charleston, SC",8120,,,
February 2019,"Import, Empty","Charleston, SC",6510,,,
March 2019,"Import, Empty","Charleston, SC",6095,,,
April 2019,"Import, Empty","Charleston, SC",7682,,,
May 2019,"Import, Empty","Charleston, SC",6175,,,
June 2019,"Import, Empty","Charleston, SC",8371,,,
July 2019,"Import, Empty","Charleston, SC",7535,,,
August 2019,"Import, Empty","Charleston, SC",7599,,,
September 2019,"Import, Empty","Charleston, SC",3935,,,
October 2019,"Import, Empty","Charleston, SC",6914,,,
November 2019,"Import, Empty","Charleston, SC",4955,,,
December 2019,"Import, Empty","Charleston, SC",6371,,,
January 2020,"Import, Empty","Charleston, SC",7098,,,
February 2020,"Import, Empty","Charleston, SC",5684,,,
March 2020,"Import, Empty","Charleston, SC",7625,,,
April 2020,"Import, Empty","Charleston, SC",5178,,,
May 2020,"Import, Empty","Charleston, SC",5262,,,
June 2020,"Import, Empty","Charleston, SC",3762,,,
July 2020,"Import, Empty","Charleston, SC",2676,,,
August 2020,"Import, Empty","Charleston, SC",2230,,,
September 2020,"Import, Empty","Charleston, SC",5653,,,
October 2020,"Import, Empty","Charleston, SC",5824,,,
November 2020,"Import, Empty","Charleston, SC",4161,,,
December 2020,"Import, Empty","Charleston, SC",4810,,,
January 2021,"Import, Empty","Charleston, SC",4626,,,
February 2021,"Import, Empty","Charleston, SC",3666,,,
March 2021,"Import, Empty","Charleston, SC",8981,,,
April 2021,"Import, Empty","Charleston, SC",4497,,,
May 2021,"Import, Empty","Charleston, SC",6095,,,
June 2021,"Import, Empty","Charleston, SC",9064,,,
July 2021,"Import, Empty","Charleston, SC",5534,,,
August 2021,"Import, Empty","Charleston, SC",3727,,,
September 2021,"Import, Empty","Charleston, SC",2943,,,
October 2021,"Import, Empty","Charleston, SC",5943,,,
November 2021,"Import, Empty","Charleston, SC",7172,,,
December 2021,"Import, Empty","Charleston, SC",6298,,,
January 2022,"Import, Empty","Charleston, SC",2976,,,
February 2022,"Import, Empty","Charleston, SC",1942,,,
March 2022,"Import, Empty","Charleston, SC",2021,,,
April 2022,"Import, Empty","Charleston, SC",1392,,,
May 2022,"Import, Empty","Charleston, SC",1835,,,
June 2022,"Import, Empty","Charleston, SC",1653,,,
July 2022,"Import, Empty","Charleston, SC",1923,,,
August 2022,"Import, Empty","Charleston, SC",2034,,,
September 2022,"Import, Empty","Charleston, SC",2571,,,
October 2022,"Import, Empty","Charleston, SC",2934,,,
November 2022,"Import, Empty","Charleston, SC",2098,,,
December 2022,"Import, Empty","Charleston, SC",1305,,,
January 2023,"Import, Empty","Charleston, SC",1542,,,
February 2023,"Import, Empty","Charleston, SC",3655,,,
March 2023,"Import, Empty","Charleston, SC",2372,,,
April 2023,"Import, Empty","Charleston, SC",2843,,,
May 2023,"Import, Empty","Charleston, SC",3308,,,
June 2023,"Import, Empty","Charleston, SC",2982,,,
July 2023,"Import, Empty","Charleston, SC",1258,,,
August 2023,"Import, Empty","Charleston, SC",1388,,,
September 2023,"Import, Empty","Charleston, SC",1777,,,
October 2023,"Import, Empty","Charleston, SC",2489,,,
November 2023,"Import, Empty","Charleston, SC",2478,,,
December 2023,"Import, Empty","Charleston, SC",1643,,,
January 2024,"Import, Empty","Charleston, SC",3255,,,
February 2024,"Import, Empty","Charleston, SC",1394,,,
March 2024,"Import, Empty","Charleston, SC",1343,,,
April 2024,"Import, Empty","Charleston, SC",1538,,,
May 2024,"Import, Empty","Charleston, SC",2575,,,
June 2024,"Import, Empty","Charleston, SC",1839,,,
July 2024,"Import, Empty","Charleston, SC",1733,,,
August 2024,"Import, Empty","Charleston, SC",1015,,,
September 2024,"Import, Empty","Charleston, SC",3139,,,
October 2024,"Import, Empty","Charleston, SC",794,,,
November 2024,"Import, Empty","Charleston, SC",3400,,,
December 2024,"Import, Empty","Charleston, SC",2027,,,
January 2025,"Import, Empty","Charleston, SC",4474,,,
February 2025,"Import, Empty","Charleston, SC",2958,,,
March 2025,"Import, Empty","Charleston, SC",2742,,,
April 2025,"Import, Empty","Charleston, SC",2155,,,
May 2025,"Import, Empty","Charleston, SC",1824,,,
January 2019,"Import, Empty","Houston, TX",10975,,,
February 2019,"Import, Empty","Houston, TX",9759,,,
March 2019,"Import, Empty","Houston, TX",35333,,,
April 2019,"Import, Empty","Houston, TX",27182,,,
May 2019,"Import, Empty","Houston, TX",21289,,,
June 2019,"Import, Empty","Houston, TX",20003,,,
July 2019,"Import, Empty","Houston, TX",20426,,,
August 2019,"Import, Empty","Houston, TX",16986,,,
September 2019,"Import, Empty","Houston, TX",22168,,,
October 2019,"Import, Empty","Houston, TX",17720,,,
November 2019,"Import, Empty","Houston, TX",22188,,,
December 2019,"Import, Empty","Houston, TX",28513,,,
January 2020,"Import, Empty","Houston, TX",30252,,,
February 2020,"Import, Empty","Houston, TX",44560,,,
March 2020,"Import, Empty","Houston, TX",37448,,,
April 2020,"Import, Empty","Houston, TX",18422,,,
May 2020,"Import, Empty","Houston, TX",8959,,,
June 2020,"Import, Empty","Houston, TX",17002,,,
July 2020,"Import, Empty","Houston, TX",21677,,,
August 2020,"Import, Empty","Houston, TX",11970,,,
September 2020,"Import, Empty","Houston, TX",10701,,,
October 2020,"Import, Empty","Houston, TX",12871,,,
November 2020,"Import, Empty","Houston, TX",8018,,,
December 2020,"Import, Empty","Houston, TX",14323,,,
January 2021,"Import, Empty","Houston, TX",10264,,,
February 2021,"Import, Empty","Houston, TX",9262,,,
March 2021,"Import, Empty","Houston, TX",18524,,,
April 2021,"Import, Empty","Houston, TX",14431,,,
May 2021,"Import, Empty","Houston, TX",8633,,,
June 2021,"Import, Empty","Houston, TX",12188,,,
July 2021,"Import, Empty","Houston, TX",9003,,,
August 2021,"Import, Empty","Houston, TX",8652,,,
September 2021,"Import, Empty","Houston, TX",10114,,,
October 2021,"Import, Empty","Houston, TX",12525,,,
November 2021,"Import, Empty","Houston, TX",9004,,,
December 2021,"Import, Empty","Houston, TX",3451,,,
January 2022,"Import, Empty","Houston, TX",4737,,,
February 2022,"Import, Empty","Houston, TX",7125,,,
March 2022,"Import, Empty","Houston, TX",4723,,,
April 2022,"Import, Empty","Houston, TX",13513,,,
May 2022,"Import, Empty","Houston, TX",13469,,,
June 2022,"Import, Empty","Houston, TX",9764,,,
July 2022,"Import, Empty","Houston, TX",8310,,,
August 2022,"Import, Empty","Houston, TX",7775,,,
September 2022,"Import, Empty","Houston, TX",9964,,,
October 2022,"Import, Empty","Houston, TX",8098,,,
November 2022,"Import, Empty","Houston, TX",6708,,,
December 2022,"Import, Empty","Houston, TX",6619,,,
January 2023,"Import, Empty","Houston, TX",21648,,,
February 2023,"Import, Empty","Houston, TX",17841,,,
March 2023,"Import, Empty","Houston, TX",9948,,,
April 2023,"Import, Empty","Houston, TX",14408,,,
May 2023,"Import, Empty","Houston, TX",12087,,,
June 2023,"Import, Empty","Houston, TX",18660,,,
July 2023,"Import, Empty","Houston, TX",10878,,,
August 2023,"Import, Empty","Houston, TX",7558,,,
September 2023,"Import, Empty","Houston, TX",16208,,,
October 2023,"Import, Empty","Houston, TX",12321,,,
November 2023,"Import, Empty","Houston, TX",8356,,,
December 2023,"Import, Empty","Houston, TX",14814,,,
January 2024,"Import, Empty","Houston, TX",15788,,,
February 2024,"Import, Empty","Houston, TX",18152,,,
March 2024,"Import, Empty","Houston, TX",14269,,,
April 2024,"Import, Empty","Houston, TX",13856,,,
May 2024,"Import, Empty","Houston, TX",16457,,,
June 2024,"Import, Empty","Houston, TX",11204,,,
July 2024,"Import, Empty","Houston, TX",12727,,,
August 2024,"Import, Empty","Houston, TX",16172,,,
September 2024,"Import, Empty","Houston, TX",11842,,,
October 2024,"Import, Empty","Houston, TX",7760,,,
November 2024,"Import, Empty","Houston, TX",14475,,,
December 2024,"Import, Empty","Houston, TX",19082,,,
January 2025,"Import, Empty","Houston, TX",16186,,,
February 2025,"Import, Empty","Houston, TX",22068,,,
March 2025,"Import, Empty","Houston, TX",21802,,,
April 2025,"Import, Empty","Houston, TX",18489,,,
May 2025,"Import, Empty","Houston, TX",18358,,,
January 2019,"Import, Empty","Long Beach, CA",6290,,,
February 2019,"Import, Empty","Long Beach, CA",5734,,,
March 2019,"Import, Empty","Long Beach, CA",9033,,,
April 2019,"Import, Empty","Long Beach, CA",6713,,,
May 2019,"Import, Empty","Long Beach, CA",4887,,,
June 2019,"Import, Empty","Long Beach, CA",6221,,,
July 2019,"Import, Empty","Long Beach, CA",4862,,,
August 2019,"Import, Empty","Long Beach, CA",7160,,,
September 2019,"Import, Empty","Long Beach, CA",4606,,,
October 2019,"Import, Empty","Long Beach, CA",5155,,,
November 2019,"Import, Empty","Long Beach, CA",6263,,,
December 2019,"Import, Empty","Long Beach, CA",7783,,,
January 2020,"Import, Empty","Long Beach, CA",7437,,,
February 2020,"Import, Empty","Long Beach, CA",9291,,,
March 2020,"Import, Empty","Long Beach, CA",12352,,,
April 2020,"Import, Empty","Long Beach, CA",17758,,,
May 2020,"Import, Empty","Long Beach, CA",9219,,,
June 2020,"Import, Empty","Long Beach, CA",11300,,,
July 2020,"Import, Empty","Long Beach, CA",12755,,,
August 2020,"Import, Empty","Long Beach, CA",13691,,,
September 2020,"Import, Empty","Long Beach, CA",11335,,,
October 2020,"Import, Empty","Long Beach, CA",14528,,,
November 2020,"Import, Empty","Long Beach, CA",13117,,,
December 2020,"Import, Empty","Long Beach, CA",13588,,,
January 2021,"Import, Empty","Long Beach, CA",13277,,,
February 2021,"Import, Empty","Long Beach, CA",13132,,,
March 2021,"Import, Empty","Long Beach, CA",13488,,,
April 2021,"Import, Empty","Long Beach, CA",11577,,,
May 2021,"Import, Empty","Long Beach, CA",13065,,,
June 2021,"Import, Empty","Long Beach, CA",12634,,,
July 2021,"Import, Empty","Long Beach, CA",15592,,,
August 2021,"Import, Empty","Long Beach, CA",12289,,,
September 2021,"Import, Empty","Long Beach, CA",13492,,,
October 2021,"Import, Empty","Long Beach, CA",12129,,,
November 2021,"Import, Empty","Long Beach, CA",11090,,,
December 2021,"Import, Empty","Long Beach, CA",12525,,,
January 2022,"Import, Empty","Long Beach, CA",12492,,,
February 2022,"Import, Empty","Long Beach, CA",11617,,,
March 2022,"Import, Empty","Long Beach, CA",11597,,,
April 2022,"Import, Empty","Long Beach, CA",12895,,,
May 2022,"Import, Empty","Long Beach, CA",10673,,,
June 2022,"Import, Empty","Long Beach, CA",14644,,,
July 2022,"Import, Empty","Long Beach, CA",14887,,,
August 2022,"Import, Empty","Long Beach, CA",12444,,,
September 2022,"Import, Empty","Long Beach, CA",16693,,,
October 2022,"Import, Empty","Long Beach, CA",16518,,,
November 2022,"Import, Empty","Long Beach, CA",17767,,,
December 2022,"Import, Empty","Long Beach, CA",15982,,,
January 2023,"Import, Empty","Long Beach, CA",13298,,,
February 2023,"Import, Empty","Long Beach, CA",13258,,,
March 2023,"Import, Empty","Long Beach, CA",14312,,,
April 2023,"Import, Empty","Long Beach, CA",16816,,,
May 2023,"Import, Empty","Long Beach, CA",12970,,,
June 2023,"Import, Empty","Long Beach, CA",14115,,,
July 2023,"Import, Empty","Long Beach, CA",16934,,,
August 2023,"Import, Empty","Long Beach, CA",15277,,,
September 2023,"Import, Empty","Long Beach, CA",18448,,,
October 2023,"Import, Empty","Long Beach, CA",14817,,,
November 2023,"Import, Empty","Long Beach, CA",15064,,,
December 2023,"Import, Empty","Long Beach, CA",15637,,,
January 2024,"Import, Empty","Long Beach, CA",12982,,,
February 2024,"Import, Empty","Long Beach, CA",12930,,,
March 2024,"Import, Empty","Long Beach, CA",15714,,,
April 2024,"Import, Empty","Long Beach, CA",13270,,,
May 2024,"Import, Empty","Long Beach, CA",13906,,,
June 2024,"Import, Empty","Long Beach, CA",13906,,,
July 2024,"Import, Empty","Long Beach, CA",16959,,,
August 2024,"Import, Empty","Long Beach, CA",13610,,,
September 2024,"Import, Empty","Long Beach, CA",13382,,,
October 2024,"Import, Empty","Long Beach, CA",14646,,,
November 2024,"Import, Empty","Long Beach, CA",15306,,,
December 2024,"Import, Empty","Long Beach, CA",14483,,,
January 2025,"Import, Empty","Long Beach, CA",13225,,,
February 2025,"Import, Empty","Long Beach, CA",14397,,,
March 2025,"Import, Empty","Long Beach, CA",17213,,,
April 2025,"Import, Empty","Long Beach, CA",17368,,,
May 2025,"Import, Empty","Long Beach, CA",15424,,,
January 2019,"Import, Empty","Los Angeles, CA",15807.75,,,
February 2019,"Import, Empty","Los Angeles, CA",16234.8,,,
March 2019,"Import, Empty","Los Angeles, CA",13866.95,,,
April 2019,"Import, Empty","Los Angeles, CA",17598.85,,,
May 2019,"Import, Empty","Los Angeles, CA",12524.4,,,
June 2019,"Import, Empty","Los Angeles, CA",9517.5,,,
July 2019,"Import, Empty","Los Angeles, CA",11166.7,,,
August 2019,"Import, Empty","Los Angeles, CA",11472.55,,,
September 2019,"Import, Empty","Los Angeles, CA",12360.9,,,
October 2019,"Import, Empty","Los Angeles, CA",9656.9,,,
November 2019,"Import, Empty","Los Angeles, CA",9087.95,,,
December 2019,"Import, Empty","Los Angeles, CA",10283.25,,,
January 2020,"Import, Empty","Los Angeles, CA",11030.65,,,
February 2020,"Import, Empty","Los Angeles, CA",8710,,,
March 2020,"Import, Empty","Los Angeles, CA",11352.75,,,
April 2020,"Import, Empty","Los Angeles, CA",4075,,,
May 2020,"Import, Empty","Los Angeles, CA",43,,,
June 2020,"Import, Empty","Los Angeles, CA",68,,,
July 2020,"Import, Empty","Los Angeles, CA",1168,,,
August 2020,"Import, Empty","Los Angeles, CA",738.8,,,
September 2020,"Import, Empty","Los Angeles, CA",4887.05,,,
October 2020,"Import, Empty","Los Angeles, CA",4199.6,,,
November 2020,"Import, Empty","Los Angeles, CA",1247.7,,,
December 2020,"Import, Empty","Los Angeles, CA",1790.3,,,
January 2021,"Import, Empty","Los Angeles, CA",254,,,
February 2021,"Import, Empty","Los Angeles, CA",1270.25,,,
March 2021,"Import, Empty","Los Angeles, CA",3350.25,,,
April 2021,"Import, Empty","Los Angeles, CA",4554.75,,,
May 2021,"Import, Empty","Los Angeles, CA",5088.9,,,
June 2021,"Import, Empty","Los Angeles, CA",1790.35,,,
July 2021,"Import, Empty","Los Angeles, CA",120.7,,,
August 2021,"Import, Empty","Los Angeles, CA",3201.7,,,
September 2021,"Import, Empty","Los Angeles, CA",1510.95,,,
October 2021,"Import, Empty","Los Angeles, CA",1426.95,,,
November 2021,"Import, Empty","Los Angeles, CA",1865.4,,,
December 2021,"Import, Empty","Los Angeles, CA",2272.45,,,
January 2022,"Import, Empty","Los Angeles, CA",1266.55,,,
February 2022,"Import, Empty","Los Angeles, CA",2739.6,,,
March 2022,"Import, Empty","Los Angeles, CA",2580.05,,,
April 2022,"Import, Empty","Los Angeles, CA",1594.5,,,
May 2022,"Import, Empty","Los Angeles, CA",1719.15,,,
June 2022,"Import, Empty","Los Angeles, CA",3586.95,,,
July 2022,"Import, Empty","Los Angeles, CA",5256.6,,,
August 2022,"Import, Empty","Los Angeles, CA",2064.75,,,
September 2022,"Import, Empty","Los Angeles, CA",2113.4,,,
October 2022,"Import, Empty","Los Angeles, CA",4356.8,,,
November 2022,"Import, Empty","Los Angeles, CA",4475.7,,,
December 2022,"Import, Empty","Los Angeles, CA",7825.9,,,
January 2023,"Import, Empty","Los Angeles, CA",6480.7,,,
February 2023,"Import, Empty","Los Angeles, CA",2175.2,,,
March 2023,"Import, Empty","Los Angeles, CA",5991,,,
April 2023,"Import, Empty","Los Angeles, CA",4195.25,,,
May 2023,"Import, Empty","Los Angeles, CA",2535.8,,,
June 2023,"Import, Empty","Los Angeles, CA",2069.55,,,
July 2023,"Import, Empty","Los Angeles, CA",641.95,,,
August 2023,"Import, Empty","Los Angeles, CA",2758.95,,,
September 2023,"Import, Empty","Los Angeles, CA",1444,,,
October 2023,"Import, Empty","Los Angeles, CA",109,,,
November 2023,"Import, Empty","Los Angeles, CA",140.9,,,
December 2023,"Import, Empty","Los Angeles, CA",191,,,
January 2024,"Import, Empty","Los Angeles, CA",179,,,
February 2024,"Import, Empty","Los Angeles, CA",139,,,
March 2024,"Import, Empty","Los Angeles, CA",1018.45,,,
April 2024,"Import, Empty","Los Angeles, CA",253,,,
May 2024,"Import, Empty","Los Angeles, CA",467.85,,,
June 2024,"Import, Empty","Los Angeles, CA",545,,,
July 2024,"Import, Empty","Los Angeles, CA",358.45,,,
August 2024,"Import, Empty","Los Angeles, CA",1336.6,,,
September 2024,"Import, Empty","Los Angeles, CA",2083.85,,,
October 2024,"Import, Empty","Los Angeles, CA",512.25,,,
November 2024,"Import, Empty","Los Angeles, CA",238.85,,,
December 2024,"Import, Empty","Los Angeles, CA",397,,,
January 2025,"Import, Empty","Los Angeles, CA",144,,,
February 2025,"Import, Empty","Los Angeles, CA",33,,,
March 2025,"Import, Empty","Los Angeles, CA",1062.25,,,
April 2025,"Import, Empty","Los Angeles, CA",654.15,,,
May 2025,"Import, Empty","Los Angeles, CA",413.6,,,
January 2019,"Import, Empty","NWSA (Seattle & Tacoma, WA)",15978,,,
February 2019,"Import, Empty","NWSA (Seattle & Tacoma, WA)",12207,,,
March 2019,"Import, Empty","NWSA (Seattle & Tacoma, WA)",20084,,,
April 2019,"Import, Empty","NWSA (Seattle & Tacoma, WA)",15221,,,
May 2019,"Import, Empty","NWSA (Seattle & Tacoma, WA)",13121,,,
June 2019,"Import, Empty","NWSA (Seattle & Tacoma, WA)",13320,,,
July 2019,"Import, Empty","NWSA (Seattle & Tacoma, WA)",8965,,,
August 2019,"Import, Empty","NWSA (Seattle & Tacoma, WA)",9929,,,
September 2019,"Import, Empty","NWSA (Seattle & Tacoma, WA)",9619,,,
October 2019,"Import, Empty","NWSA (Seattle & Tacoma, WA)",13072,,,
November 2019,"Import, Empty","NWSA (Seattle & Tacoma, WA)",13570,,,
December 2019,"Import, Empty","NWSA (Seattle & Tacoma, WA)",12688,,,
January 2020,"Import, Empty","NWSA (Seattle & Tacoma, WA)",10709,,,
February 2020,"Import, Empty","NWSA (Seattle & Tacoma, WA)",12570,,,
March 2020,"Import, Empty","NWSA (Seattle & Tacoma, WA)",16317,,,
April 2020,"Import, Empty","NWSA (Seattle & Tacoma, WA)",6173,,,
May 2020,"Import, Empty","NWSA (Seattle & Tacoma, WA)",8123,,,
June 2020,"Import, Empty","NWSA (Seattle & Tacoma, WA)",6939,,,
July 2020,"Import, Empty","NWSA (Seattle & Tacoma, WA)",5984,,,
August 2020,"Import, Empty","NWSA (Seattle & Tacoma, WA)",5291,,,
September 2020,"Import, Empty","NWSA (Seattle & Tacoma, WA)",6878,,,
October 2020,"Import, Empty","NWSA (Seattle & Tacoma, WA)",8165,,,
November 2020,"Import, Empty","NWSA (Seattle & Tacoma, WA)",10754,,,
December 2020,"Import, Empty","NWSA (Seattle & Tacoma, WA)",7434,,,
January 2021,"Import, Empty","NWSA (Seattle & Tacoma, WA)",6662,,,
February 2021,"Import, Empty","NWSA (Seattle & Tacoma, WA)",5808,,,
March 2021,"Import, Empty","NWSA (Seattle & Tacoma, WA)",8435,,,
April 2021,"Import, Empty","NWSA (Seattle & Tacoma, WA)",5367,,,
May 2021,"Import, Empty","NWSA (Seattle & Tacoma, WA)",9449,,,
June 2021,"Import, Empty","NWSA (Seattle & Tacoma, WA)",7639,,,
July 2021,"Import, Empty","NWSA (Seattle & Tacoma, WA)",5128,,,
August 2021,"Import, Empty","NWSA (Seattle & Tacoma, WA)",7898,,,
September 2021,"Import, Empty","NWSA (Seattle & Tacoma, WA)",16522,,,
October 2021,"Import, Empty","NWSA (Seattle & Tacoma, WA)",5000,,,
November 2021,"Import, Empty","NWSA (Seattle & Tacoma, WA)",7935,,,
December 2021,"Import, Empty","NWSA (Seattle & Tacoma, WA)",4166,,,
January 2022,"Import, Empty","NWSA (Seattle & Tacoma, WA)",6519,,,
February 2022,"Import, Empty","NWSA (Seattle & Tacoma, WA)",3988,,,
March 2022,"Import, Empty","NWSA (Seattle & Tacoma, WA)",7522,,,
April 2022,"Import, Empty","NWSA (Seattle & Tacoma, WA)",4607,,,
May 2022,"Import, Empty","NWSA (Seattle & Tacoma, WA)",6942,,,
June 2022,"Import, Empty","NWSA (Seattle & Tacoma, WA)",5996,,,
July 2022,"Import, Empty","NWSA (Seattle & Tacoma, WA)",6157,,,
August 2022,"Import, Empty","NWSA (Seattle & Tacoma, WA)",3259,,,
September 2022,"Import, Empty","NWSA (Seattle & Tacoma, WA)",3788,,,
October 2022,"Import, Empty","NWSA (Seattle & Tacoma, WA)",9563,,,
November 2022,"Import, Empty","NWSA (Seattle & Tacoma, WA)",5272,,,
December 2022,"Import, Empty","NWSA (Seattle & Tacoma, WA)",7940,,,
January 2023,"Import, Empty","NWSA (Seattle & Tacoma, WA)",4623,,,
February 2023,"Import, Empty","NWSA (Seattle & Tacoma, WA)",4352,,,
March 2023,"Import, Empty","NWSA (Seattle & Tacoma, WA)",8613,,,
April 2023,"Import, Empty","NWSA (Seattle & Tacoma, WA)",5542,,,
May 2023,"Import, Empty","NWSA (Seattle & Tacoma, WA)",5045,,,
June 2023,"Import, Empty","NWSA (Seattle & Tacoma, WA)",6954,,,
July 2023,"Import, Empty","NWSA (Seattle & Tacoma, WA)",3537,,,
August 2023,"Import, Empty","NWSA (Seattle & Tacoma, WA)",6219,,,
September 2023,"Import, Empty","NWSA (Seattle & Tacoma, WA)",5632,,,
October 2023,"Import, Empty","NWSA (Seattle & Tacoma, WA)",8106,,,
November 2023,"Import, Empty","NWSA (Seattle & Tacoma, WA)",9319,,,
December 2023,"Import, Empty","NWSA (Seattle & Tacoma, WA)",9016,,,
January 2024,"Import, Empty","NWSA (Seattle & Tacoma, WA)",4096,,,
February 2024,"Import, Empty","NWSA (Seattle & Tacoma, WA)",4285,,,
March 2024,"Import, Empty","NWSA (Seattle & Tacoma, WA)",12379,,,
April 2024,"Import, Empty","NWSA (Seattle & Tacoma, WA)",7275,,,
May 2024,"Import, Empty","NWSA (Seattle & Tacoma, WA)",10074,,,
June 2024,"Import, Empty","NWSA (Seattle & Tacoma, WA)",6261,,,
July 2024,"Import, Empty","NWSA (Seattle & Tacoma, WA)",3452,,,
August 2024,"Import, Empty","NWSA (Seattle & Tacoma, WA)",3289,,,
September 2024,"Import, Empty","NWSA (Seattle & Tacoma, WA)",2002,,,
October 2024,"Import, Empty","NWSA (Seattle & Tacoma, WA)",3040,,,
November 2024,"Import, Empty","NWSA (Seattle & Tacoma, WA)",7865,,,
December 2024,"Import, Empty","NWSA (Seattle & Tacoma, WA)",8174,,,
January 2025,"Import, Empty","NWSA (Seattle & Tacoma, WA)",8573,,,
February 2025,"Import, Empty","NWSA (Seattle & Tacoma, WA)",4231,,,
March 2025,"Import, Empty","NWSA (Seattle & Tacoma, WA)",5913,,,
April 2025,"Import, Empty","NWSA (Seattle & Tacoma, WA)",4111,,,
May 2025,"Import, Empty","NWSA (Seattle & Tacoma, WA)",9134,,,
January 2019,"Import, Empty","Oakland, CA",15482,,,
February 2019,"Import, Empty","Oakland, CA",14209,,,
March 2019,"Import, Empty","Oakland, CA",20523,,,
April 2019,"Import, Empty","Oakland, CA",19652,,,
May 2019,"Import, Empty","Oakland, CA",16699,,,
June 2019,"Import, Empty","Oakland, CA",12822,,,
July 2019,"Import, Empty","Oakland, CA",14913,,,
August 2019,"Import, Empty","Oakland, CA",16195,,,
September 2019,"Import, Empty","Oakland, CA",12249,,,
October 2019,"Import, Empty","Oakland, CA",15671,,,
November 2019,"Import, Empty","Oakland, CA",18470,,,
December 2019,"Import, Empty","Oakland, CA",14372,,,
January 2020,"Import, Empty","Oakland, CA",16115,,,
February 2020,"Import, Empty","Oakland, CA",17858,,,
March 2020,"Import, Empty","Oakland, CA",22090,,,
April 2020,"Import, Empty","Oakland, CA",19770,,,
May 2020,"Import, Empty","Oakland, CA",17008,,,
June 2020,"Import, Empty","Oakland, CA",15902,,,
July 2020,"Import, Empty","Oakland, CA",11484,,,
August 2020,"Import, Empty","Oakland, CA",11866,,,
September 2020,"Import, Empty","Oakland, CA",14779,,,
October 2020,"Import, Empty","Oakland, CA",13970,,,
November 2020,"Import, Empty","Oakland, CA",16333,,,
December 2020,"Import, Empty","Oakland, CA",15074,,,
January 2021,"Import, Empty","Oakland, CA",16120,,,
February 2021,"Import, Empty","Oakland, CA",12464,,,
March 2021,"Import, Empty","Oakland, CA",21139,,,
April 2021,"Import, Empty","Oakland, CA",14003,,,
May 2021,"Import, Empty","Oakland, CA",19009,,,
June 2021,"Import, Empty","Oakland, CA",16002,,,
July 2021,"Import, Empty","Oakland, CA",13904,,,
August 2021,"Import, Empty","Oakland, CA",9779,,,
September 2021,"Import, Empty","Oakland, CA",11709,,,
October 2021,"Import, Empty","Oakland, CA",9122,,,
November 2021,"Import, Empty","Oakland, CA",11948,,,
December 2021,"Import, Empty","Oakland, CA",11653,,,
January 2022,"Import, Empty","Oakland, CA",11866,,,
February 2022,"Import, Empty","Oakland, CA",14633,,,
March 2022,"Import, Empty","Oakland, CA",13479,,,
April 2022,"Import, Empty","Oakland, CA",17993,,,
May 2022,"Import, Empty","Oakland, CA",15254,,,
June 2022,"Import, Empty","Oakland, CA",11788,,,
July 2022,"Import, Empty","Oakland, CA",12185,,,
August 2022,"Import, Empty","Oakland, CA",11998,,,
September 2022,"Import, Empty","Oakland, CA",14510,,,
October 2022,"Import, Empty","Oakland, CA",15876,,,
November 2022,"Import, Empty","Oakland, CA",14197,,,
December 2022,"Import, Empty","Oakland, CA",13419,,,
January 2023,"Import, Empty","Oakland, CA",17299,,,
February 2023,"Import, Empty","Oakland, CA",14562.5,,,
March 2023,"Import, Empty","Oakland, CA",18097,,,
April 2023,"Import, Empty","Oakland, CA",16422.5,,,
May 2023,"Import, Empty","Oakland, CA",15836,,,
June 2023,"Import, Empty","Oakland, CA",11515.5,,,
July 2023,"Import, Empty","Oakland, CA",14195.75,,,
August 2023,"Import, Empty","Oakland, CA",13329,,,
September 2023,"Import, Empty","Oakland, CA",11208,,,
October 2023,"Import, Empty","Oakland, CA",13597,,,
November 2023,"Import, Empty","Oakland, CA",14118,,,
December 2023,"Import, Empty","Oakland, CA",12210,,,
January 2024,"Import, Empty","Oakland, CA",17117,,,
February 2024,"Import, Empty","Oakland, CA",13142,,,
March 2024,"Import, Empty","Oakland, CA",20254,,,
April 2024,"Import, Empty","Oakland, CA",16357,,,
May 2024,"Import, Empty","Oakland, CA",12680.75,,,
June 2024,"Import, Empty","Oakland, CA",10237,,,
July 2024,"Import, Empty","Oakland, CA",10627.25,,,
August 2024,"Import, Empty","Oakland, CA",11823,,,
September 2024,"Import, Empty","Oakland, CA",12692,,,
October 2024,"Import, Empty","Oakland, CA",15681.5,,,
November 2024,"Import, Empty","Oakland, CA",12027.75,,,
December 2024,"Import, Empty","Oakland, CA",10740.75,,,
January 2025,"Import, Empty","Oakland, CA",12625,,,
February 2025,"Import, Empty","Oakland, CA",14490,,,
March 2025,"Import, Empty","Oakland, CA",18540,,,
April 2025,"Import, Empty","Oakland, CA",14437.5,,,
May 2025,"Import, Empty","Oakland, CA",13960,,,
January 2019,"Import, Empty",Port of NY & NJ,1016,,,
February 2019,"Import, Empty",Port of NY & NJ,977,,,
March 2019,"Import, Empty",Port of NY & NJ,1302,,,
April 2019,"Import, Empty",Port of NY & NJ,1550,,,
May 2019,"Import, Empty",Port of NY & NJ,1263,,,
June 2019,"Import, Empty",Port of NY & NJ,1601,,,
July 2019,"Import, Empty",Port of NY & NJ,1756,,,
August 2019,"Import, Empty",Port of NY & NJ,1932,,,
September 2019,"Import, Empty",Port of NY & NJ,1721,,,
October 2019,"Import, Empty",Port of NY & NJ,1509,,,
November 2019,"Import, Empty",Port of NY & NJ,1337,,,
December 2019,"Import, Empty",Port of NY & NJ,1544,,,
January 2020,"Import, Empty",Port of NY & NJ,2001,,,
February 2020,"Import, Empty",Port of NY & NJ,1314,,,
March 2020,"Import, Empty",Port of NY & NJ,1837,,,
April 2020,"Import, Empty",Port of NY & NJ,1289,,,
May 2020,"Import, Empty",Port of NY & NJ,1004,,,
June 2020,"Import, Empty",Port of NY & NJ,2782,,,
July 2020,"Import, Empty",Port of NY & NJ,2785,,,
August 2020,"Import, Empty",Port of NY & NJ,1981,,,
September 2020,"Import, Empty",Port of NY & NJ,2107,,,
October 2020,"Import, Empty",Port of NY & NJ,2312,,,
November 2020,"Import, Empty",Port of NY & NJ,3307,,,
December 2020,"Import, Empty",Port of NY & NJ,2921,,,
January 2021,"Import, Empty",Port of NY & NJ,1645,,,
February 2021,"Import, Empty",Port of NY & NJ,2290,,,
March 2021,"Import, Empty",Port of NY & NJ,2376,,,
April 2021,"Import, Empty",Port of NY & NJ,2568,,,
May 2021,"Import, Empty",Port of NY & NJ,2291,,,
June 2021,"Import, Empty",Port of NY & NJ,1678,,,
July 2021,"Import, Empty",Port of NY & NJ,2754,,,
August 2021,"Import, Empty",Port of NY & NJ,1688,,,
September 2021,"Import, Empty",Port of NY & NJ,1968,,,
October 2021,"Import, Empty",Port of NY & NJ,2530,,,
November 2021,"Import, Empty",Port of NY & NJ,1971,,,
December 2021,"Import, Empty",Port of NY & NJ,3025,,,
January 2022,"Import, Empty",Port of NY & NJ,1697,,,
February 2022,"Import, Empty",Port of NY & NJ,674,,,
March 2022,"Import, Empty",Port of NY & NJ,1378,,,
April 2022,"Import, Empty",Port of NY & NJ,2278,,,
May 2022,"Import, Empty",Port of NY & NJ,1353,,,
June 2022,"Import, Empty",Port of NY & NJ,1660,,,
July 2022,"Import, Empty",Port of NY & NJ,1821,,,
August 2022,"Import, Empty",Port of NY & NJ,1750,,,
September 2022,"Import, Empty",Port of NY & NJ,1770,,,
October 2022,"Import, Empty",Port of NY & NJ,1848,,,
November 2022,"Import, Empty",Port of NY & NJ,1975,,,
December 2022,"Import, Empty",Port of NY & NJ,2434,,,
January 2023,"Import, Empty",Port of NY & NJ,1537,,,
February 2023,"Import, Empty",Port of NY & NJ,1235,,,
March 2023,"Import, Empty",Port of NY & NJ,1423,,,
April 2023,"Import, Empty",Port of NY & NJ,2333,,,
May 2023,"Import, Empty",Port of NY & NJ,1191,,,
June 2023,"Import, Empty",Port of NY & NJ,2168,,,
July 2023,"Import, Empty",Port of NY & NJ,2005,,,
August 2023,"Import, Empty",Port of NY & NJ,1730,,,
September 2023,"Import, Empty",Port of NY & NJ,1734,,,
October 2023,"Import, Empty",Port of NY & NJ,2372,,,
November 2023,"Import, Empty",Port of NY & NJ,2504,,,
December 2023,"Import, Empty",Port of NY & NJ,2489,,,
January 2024,"Import, Empty",Port of NY & NJ,1954,,,
February 2024,"Import, Empty",Port of NY & NJ,2365,,,
March 2024,"Import, Empty",Port of NY & NJ,2143,,,
April 2024,"Import, Empty",Port of NY & NJ,2330,,,
May 2024,"Import, Empty",Port of NY & NJ,2054,,,
June 2024,"Import, Empty",Port of NY & NJ,1640,,,
July 2024,"Import, Empty",Port of NY & NJ,2602,,,
August 2024,"Import, Empty",Port of NY & NJ,2354,,,
September 2024,"Import, Empty",Port of NY & NJ,2069,,,
October 2024,"Import, Empty",Port of NY & NJ,1150,,,
November 2024,"Import, Empty",Port of NY & NJ,1483,,,
December 2024,"Import, Empty",Port of NY & NJ,1409,,,
January 2025,"Import, Empty",Port of NY & NJ,1658,,,
February 2025,"Import, Empty",Port of NY & NJ,1148,,,
March 2025,"Import, Empty",Port of NY & NJ,1482,,,
April 2025,"Import, Empty",Port of NY & NJ,1408,,,
May 2025,"Import, Empty",Port of NY & NJ,1716,,,
January 2019,"Import, Empty","Port of Virginia, VA",1868,,,
February 2019,"Import, Empty","Port of Virginia, VA",2115,,,
March 2019,"Import, Empty","Port of Virginia, VA",2002,,,
April 2019,"Import, Empty","Port of Virginia, VA",2710,,,
May 2019,"Import, Empty","Port of Virginia, VA",2064,,,
June 2019,"Import, Empty","Port of Virginia, VA",1508,,,
July 2019,"Import, Empty","Port of Virginia, VA",2649,,,
August 2019,"Import, Empty","Port of Virginia, VA",1073,,,
September 2019,"Import, Empty","Port of Virginia, VA",2447,,,
October 2019,"Import, Empty","Port of Virginia, VA",1850,,,
November 2019,"Import, Empty","Port of Virginia, VA",1339,,,
December 2019,"Import, Empty","Port of Virginia, VA",1052,,,
January 2020,"Import, Empty","Port of Virginia, VA",2366,,,
February 2020,"Import, Empty","Port of Virginia, VA",1505,,,
March 2020,"Import, Empty","Port of Virginia, VA",3078,,,
April 2020,"Import, Empty","Port of Virginia, VA",3171,,,
May 2020,"Import, Empty","Port of Virginia, VA",2068,,,
June 2020,"Import, Empty","Port of Virginia, VA",1735,,,
July 2020,"Import, Empty","Port of Virginia, VA",1359,,,
August 2020,"Import, Empty","Port of Virginia, VA",950,,,
September 2020,"Import, Empty","Port of Virginia, VA",2094,,,
October 2020,"Import, Empty","Port of Virginia, VA",1096,,,
November 2020,"Import, Empty","Port of Virginia, VA",778,,,
December 2020,"Import, Empty","Port of Virginia, VA",1338,,,
January 2021,"Import, Empty","Port of Virginia, VA",774,,,
February 2021,"Import, Empty","Port of Virginia, VA",2292,,,
March 2021,"Import, Empty","Port of Virginia, VA",3510,,,
April 2021,"Import, Empty","Port of Virginia, VA",1924,,,
May 2021,"Import, Empty","Port of Virginia, VA",2338,,,
June 2021,"Import, Empty","Port of Virginia, VA",2387,,,
July 2021,"Import, Empty","Port of Virginia, VA",2254,,,
August 2021,"Import, Empty","Port of Virginia, VA",1616,,,
September 2021,"Import, Empty","Port of Virginia, VA",2395,,,
October 2021,"Import, Empty","Port of Virginia, VA",2475,,,
November 2021,"Import, Empty","Port of Virginia, VA",4395,,,
December 2021,"Import, Empty","Port of Virginia, VA",5005,,,
January 2022,"Import, Empty","Port of Virginia, VA",3119,,,
February 2022,"Import, Empty","Port of Virginia, VA",5263,,,
March 2022,"Import, Empty","Port of Virginia, VA",3192,,,
April 2022,"Import, Empty","Port of Virginia, VA",2292,,,
May 2022,"Import, Empty","Port of Virginia, VA",4800,,,
June 2022,"Import, Empty","Port of Virginia, VA",5146,,,
July 2022,"Import, Empty","Port of Virginia, VA",4327.75,,,
August 2022,"Import, Empty","Port of Virginia, VA",4097,,,
September 2022,"Import, Empty","Port of Virginia, VA",3750,,,
October 2022,"Import, Empty","Port of Virginia, VA",3727,,,
November 2022,"Import, Empty","Port of Virginia, VA",3760,,,
December 2022,"Import, Empty","Port of Virginia, VA",3800,,,
January 2023,"Import, Empty","Port of Virginia, VA",3137,,,
February 2023,"Import, Empty","Port of Virginia, VA",4630,,,
March 2023,"Import, Empty","Port of Virginia, VA",4115,,,
April 2023,"Import, Empty","Port of Virginia, VA",4730,,,
May 2023,"Import, Empty","Port of Virginia, VA",3260,,,
June 2023,"Import, Empty","Port of Virginia, VA",4011,,,
July 2023,"Import, Empty","Port of Virginia, VA",3155,,,
August 2023,"Import, Empty","Port of Virginia, VA",2435,,,
September 2023,"Import, Empty","Port of Virginia, VA",2299,,,
October 2023,"Import, Empty","Port of Virginia, VA",3111,,,
November 2023,"Import, Empty","Port of Virginia, VA",1474,,,
December 2023,"Import, Empty","Port of Virginia, VA",4828,,,
January 2024,"Import, Empty","Port of Virginia, VA",2589,,,
February 2024,"Import, Empty","Port of Virginia, VA",4091,,,
March 2024,"Import, Empty","Port of Virginia, VA",4203,,,
April 2024,"Import, Empty","Port of Virginia, VA",5383,,,
May 2024,"Import, Empty","Port of Virginia, VA",4506,,,
June 2024,"Import, Empty","Port of Virginia, VA",6952,,,
July 2024,"Import, Empty","Port of Virginia, VA",4827,,,
August 2024,"Import, Empty","Port of Virginia, VA",4845,,,
September 2024,"Import, Empty","Port of Virginia, VA",2584,,,
October 2024,"Import, Empty","Port of Virginia, VA",4061,,,
November 2024,"Import, Empty","Port of Virginia, VA",4905,,,
December 2024,"Import, Empty","Port of Virginia, VA",6840,,,
January 2025,"Import, Empty","Port of Virginia, VA",6166,,,
February 2025,"Import, Empty","Port of Virginia, VA",6056,,,
March 2025,"Import, Empty","Port of Virginia, VA",4893,,,
April 2025,"Import, Empty","Port of Virginia, VA",3006,,,
May 2025,"Import, Empty","Port of Virginia, VA",2311,,,
January 2019,"Import, Empty","Savannah, GA",2216,,,
February 2019,"Import, Empty","Savannah, GA",4465,,,
March 2019,"Import, Empty","Savannah, GA",9785,,,
April 2019,"Import, Empty","Savannah, GA",7386,,,
May 2019,"Import, Empty","Savannah, GA",2773,,,
June 2019,"Import, Empty","Savannah, GA",4756,,,
July 2019,"Import, Empty","Savannah, GA",5401,,,
August 2019,"Import, Empty","Savannah, GA",6095,,,
September 2019,"Import, Empty","Savannah, GA",8879,,,
October 2019,"Import, Empty","Savannah, GA",7678,,,
November 2019,"Import, Empty","Savannah, GA",7383,,,
December 2019,"Import, Empty","Savannah, GA",9385,,,
January 2020,"Import, Empty","Savannah, GA",6950,,,
February 2020,"Import, Empty","Savannah, GA",11042,,,
March 2020,"Import, Empty","Savannah, GA",15296,,,
April 2020,"Import, Empty","Savannah, GA",7874,,,
May 2020,"Import, Empty","Savannah, GA",7695,,,
June 2020,"Import, Empty","Savannah, GA",7143,,,
July 2020,"Import, Empty","Savannah, GA",7509,,,
August 2020,"Import, Empty","Savannah, GA",5779,,,
September 2020,"Import, Empty","Savannah, GA",4400,,,
October 2020,"Import, Empty","Savannah, GA",5854,,,
November 2020,"Import, Empty","Savannah, GA",5158,,,
December 2020,"Import, Empty","Savannah, GA",5283,,,
January 2021,"Import, Empty","Savannah, GA",3498,,,
February 2021,"Import, Empty","Savannah, GA",3672,,,
March 2021,"Import, Empty","Savannah, GA",6127,,,
April 2021,"Import, Empty","Savannah, GA",4984,,,
May 2021,"Import, Empty","Savannah, GA",3011,,,
June 2021,"Import, Empty","Savannah, GA",3562,,,
July 2021,"Import, Empty","Savannah, GA",3597,,,
August 2021,"Import, Empty","Savannah, GA",3450,,,
September 2021,"Import, Empty","Savannah, GA",2756,,,
October 2021,"Import, Empty","Savannah, GA",2402,,,
November 2021,"Import, Empty","Savannah, GA",3367,,,
December 2021,"Import, Empty","Savannah, GA",2279,,,
January 2022,"Import, Empty","Savannah, GA",2569,,,
February 2022,"Import, Empty","Savannah, GA",4057,,,
March 2022,"Import, Empty","Savannah, GA",5050,,,
April 2022,"Import, Empty","Savannah, GA",6330,,,
May 2022,"Import, Empty","Savannah, GA",5686,,,
June 2022,"Import, Empty","Savannah, GA",4198,,,
July 2022,"Import, Empty","Savannah, GA",4574,,,
August 2022,"Import, Empty","Savannah, GA",4970,,,
September 2022,"Import, Empty","Savannah, GA",3939,,,
October 2022,"Import, Empty","Savannah, GA",4534,,,
November 2022,"Import, Empty","Savannah, GA",4424,,,
December 2022,"Import, Empty","Savannah, GA",3960,,,
January 2023,"Import, Empty","Savannah, GA",2649,,,
February 2023,"Import, Empty","Savannah, GA",3100,,,
March 2023,"Import, Empty","Savannah, GA",4245,,,
April 2023,"Import, Empty","Savannah, GA",6571,,,
May 2023,"Import, Empty","Savannah, GA",4920,,,
June 2023,"Import, Empty","Savannah, GA",5063,,,
July 2023,"Import, Empty","Savannah, GA",4104,,,
August 2023,"Import, Empty","Savannah, GA",2746,,,
September 2023,"Import, Empty","Savannah, GA",2746,,,
October 2023,"Import, Empty","Savannah, GA",3500,,,
November 2023,"Import, Empty","Savannah, GA",4341,,,
December 2023,"Import, Empty","Savannah, GA",2326,,,
January 2024,"Import, Empty","Savannah, GA",1042,,,
February 2024,"Import, Empty","Savannah, GA",2839,,,
March 2024,"Import, Empty","Savannah, GA",4801,,,
April 2024,"Import, Empty","Savannah, GA",7485,,,
May 2024,"Import, Empty","Savannah, GA",6961,,,
June 2024,"Import, Empty","Savannah, GA",5544,,,
July 2024,"Import, Empty","Savannah, GA",3638,,,
August 2024,"Import, Empty","Savannah, GA",4989,,,
September 2024,"Import, Empty","Savannah, GA",4726,,,
October 2024,"Import, Empty","Savannah, GA",3040,,,
November 2024,"Import, Empty","Savannah, GA",2999,,,
December 2024,"Import, Empty","Savannah, GA",3439,,,
January 2025,"Import, Empty","Savannah, GA",2618,,,
February 2025,"Import, Empty","Savannah, GA",3190,,,
March 2025,"Import, Empty","Savannah, GA",6545,,,
April 2025,"Import, Empty","Savannah, GA",3017,,,
May 2025,"Import, Empty","Savannah, GA",4791,,,
June 2025,"Import, Empty","Houston, TX",22746,,,
June 2025,"Import, Empty","Long Beach, CA",13098,,,
June 2025,"Import, Empty","Los Angeles, CA",148,,,
June 2025,"Import, Empty","NWSA (Seattle & Tacoma, WA)",7925,,,
June 2025,"Import, Empty","Oakland, CA",10399.75,,,
June 2025,"Import, Empty","Port of Virginia, VA",2319,,,
June 2025,"Import, Empty",Port of NY & NJ,1545,,,
June 2025,"Import, Empty","Savannah, GA",4872,,,
June 2025,"Import, Empty","Charleston, SC",950,,,
January 2019,"Export, Empty","Charleston, SC",45712,,,
February 2019,"Export, Empty","Charleston, SC",31869,,,
March 2019,"Export, Empty","Charleston, SC",37439,,,
April 2019,"Export, Empty","Charleston, SC",35969,,,
May 2019,"Export, Empty","Charleston, SC",38875,,,
June 2019,"Export, Empty","Charleston, SC",39463,,,
July 2019,"Export, Empty","Charleston, SC",38174,,,
August 2019,"Export, Empty","Charleston, SC",48363,,,
September 2019,"Export, Empty","Charleston, SC",39408,,,
October 2019,"Export, Empty","Charleston, SC",45191,,,
November 2019,"Export, Empty","Charleston, SC",34357,,,
December 2019,"Export, Empty","Charleston, SC",37829,,,
January 2020,"Export, Empty","Charleston, SC",44752,,,
February 2020,"Export, Empty","Charleston, SC",29117,,,
March 2020,"Export, Empty","Charleston, SC",28911,,,
April 2020,"Export, Empty","Charleston, SC",31463,,,
May 2020,"Export, Empty","Charleston, SC",32400,,,
June 2020,"Export, Empty","Charleston, SC",25021,,,
July 2020,"Export, Empty","Charleston, SC",35140,,,
August 2020,"Export, Empty","Charleston, SC",42817,,,
September 2020,"Export, Empty","Charleston, SC",38804,,,
October 2020,"Export, Empty","Charleston, SC",44717,,,
November 2020,"Export, Empty","Charleston, SC",45090,,,
December 2020,"Export, Empty","Charleston, SC",43990,,,
January 2021,"Export, Empty","Charleston, SC",48224,,,
February 2021,"Export, Empty","Charleston, SC",29293,,,
March 2021,"Export, Empty","Charleston, SC",46872,,,
April 2021,"Export, Empty","Charleston, SC",42252,,,
May 2021,"Export, Empty","Charleston, SC",44445,,,
June 2021,"Export, Empty","Charleston, SC",48037,,,
July 2021,"Export, Empty","Charleston, SC",54188,,,
August 2021,"Export, Empty","Charleston, SC",51084,,,
September 2021,"Export, Empty","Charleston, SC",42152,,,
October 2021,"Export, Empty","Charleston, SC",53612,,,
November 2021,"Export, Empty","Charleston, SC",48819,,,
December 2021,"Export, Empty","Charleston, SC",64055,,,
January 2022,"Export, Empty","Charleston, SC",52103,,,
February 2022,"Export, Empty","Charleston, SC",54141,,,
March 2022,"Export, Empty","Charleston, SC",61093,,,
April 2022,"Export, Empty","Charleston, SC",66405,,,
May 2022,"Export, Empty","Charleston, SC",73638,,,
June 2022,"Export, Empty","Charleston, SC",59788,,,
July 2022,"Export, Empty","Charleston, SC",60020,,,
August 2022,"Export, Empty","Charleston, SC",55630,,,
September 2022,"Export, Empty","Charleston, SC",60490,,,
October 2022,"Export, Empty","Charleston, SC",69675,,,
November 2022,"Export, Empty","Charleston, SC",55312,,,
December 2022,"Export, Empty","Charleston, SC",50389,,,
January 2023,"Export, Empty","Charleston, SC",44946,,,
February 2023,"Export, Empty","Charleston, SC",42536,,,
March 2023,"Export, Empty","Charleston, SC",39248,,,
April 2023,"Export, Empty","Charleston, SC",48172,,,
May 2023,"Export, Empty","Charleston, SC",41185,,,
June 2023,"Export, Empty","Charleston, SC",44794,,,
July 2023,"Export, Empty","Charleston, SC",45272,,,
August 2023,"Export, Empty","Charleston, SC",43116,,,
September 2023,"Export, Empty","Charleston, SC",43804,,,
October 2023,"Export, Empty","Charleston, SC",50843,,,
November 2023,"Export, Empty","Charleston, SC",41323,,,
December 2023,"Export, Empty","Charleston, SC",45752,,,
January 2024,"Export, Empty","Charleston, SC",44556,,,
February 2024,"Export, Empty","Charleston, SC",37198,,,
March 2024,"Export, Empty","Charleston, SC",47511,,,
April 2024,"Export, Empty","Charleston, SC",47424,,,
May 2024,"Export, Empty","Charleston, SC",37362,,,
June 2024,"Export, Empty","Charleston, SC",48017,,,
July 2024,"Export, Empty","Charleston, SC",56512,,,
August 2024,"Export, Empty","Charleston, SC",46916,,,
September 2024,"Export, Empty","Charleston, SC",46735,,,
October 2024,"Export, Empty","Charleston, SC",59268,,,
November 2024,"Export, Empty","Charleston, SC",50698,,,
December 2024,"Export, Empty","Charleston, SC",49678,,,
January 2025,"Export, Empty","Charleston, SC",52214,,,
February 2025,"Export, Empty","Charleston, SC",56883,,,
March 2025,"Export, Empty","Charleston, SC",64613,,,
April 2025,"Export, Empty","Charleston, SC",63857,,,
May 2025,"Export, Empty","Charleston, SC",55208,,,
January 2019,"Export, Empty","Houston, TX",20698,,,
February 2019,"Export, Empty","Houston, TX",15322,,,
March 2019,"Export, Empty","Houston, TX",17489,,,
April 2019,"Export, Empty","Houston, TX",18230,,,
May 2019,"Export, Empty","Houston, TX",17953,,,
June 2019,"Export, Empty","Houston, TX",19897,,,
July 2019,"Export, Empty","Houston, TX",24035,,,
August 2019,"Export, Empty","Houston, TX",22418,,,
September 2019,"Export, Empty","Houston, TX",20777,,,
October 2019,"Export, Empty","Houston, TX",20904,,,
November 2019,"Export, Empty","Houston, TX",14129,,,
December 2019,"Export, Empty","Houston, TX",15322,,,
January 2020,"Export, Empty","Houston, TX",14692,,,
February 2020,"Export, Empty","Houston, TX",10137,,,
March 2020,"Export, Empty","Houston, TX",8118,,,
April 2020,"Export, Empty","Houston, TX",11276,,,
May 2020,"Export, Empty","Houston, TX",13244,,,
June 2020,"Export, Empty","Houston, TX",9392,,,
July 2020,"Export, Empty","Houston, TX",12212,,,
August 2020,"Export, Empty","Houston, TX",21394,,,
September 2020,"Export, Empty","Houston, TX",29781,,,
October 2020,"Export, Empty","Houston, TX",50979,,,
November 2020,"Export, Empty","Houston, TX",29682,,,
December 2020,"Export, Empty","Houston, TX",26619,,,
January 2021,"Export, Empty","Houston, TX",23503,,,
February 2021,"Export, Empty","Houston, TX",17227,,,
March 2021,"Export, Empty","Houston, TX",37869,,,
April 2021,"Export, Empty","Houston, TX",40809,,,
May 2021,"Export, Empty","Houston, TX",51202,,,
June 2021,"Export, Empty","Houston, TX",56337,,,
July 2021,"Export, Empty","Houston, TX",75964,,,
August 2021,"Export, Empty","Houston, TX",65983,,,
September 2021,"Export, Empty","Houston, TX",66234,,,
October 2021,"Export, Empty","Houston, TX",69633,,,
November 2021,"Export, Empty","Houston, TX",58655,,,
December 2021,"Export, Empty","Houston, TX",60792,,,
January 2022,"Export, Empty","Houston, TX",73181,,,
February 2022,"Export, Empty","Houston, TX",56230,,,
March 2022,"Export, Empty","Houston, TX",42740,,,
April 2022,"Export, Empty","Houston, TX",43155,,,
May 2022,"Export, Empty","Houston, TX",56741,,,
June 2022,"Export, Empty","Houston, TX",53392,,,
July 2022,"Export, Empty","Houston, TX",57663,,,
August 2022,"Export, Empty","Houston, TX",78094,,,
September 2022,"Export, Empty","Houston, TX",62837,,,
October 2022,"Export, Empty","Houston, TX",63823,,,
November 2022,"Export, Empty","Houston, TX",59436,,,
December 2022,"Export, Empty","Houston, TX",41777,,,
January 2023,"Export, Empty","Houston, TX",35067,,,
February 2023,"Export, Empty","Houston, TX",37400,,,
March 2023,"Export, Empty","Houston, TX",36905,,,
April 2023,"Export, Empty","Houston, TX",42433,,,
May 2023,"Export, Empty","Houston, TX",39430,,,
June 2023,"Export, Empty","Houston, TX",46961,,,
July 2023,"Export, Empty","Houston, TX",49482,,,
August 2023,"Export, Empty","Houston, TX",40398,,,
September 2023,"Export, Empty","Houston, TX",28480,,,
October 2023,"Export, Empty","Houston, TX",52947,,,
November 2023,"Export, Empty","Houston, TX",35239,,,
December 2023,"Export, Empty","Houston, TX",39588,,,
January 2024,"Export, Empty","Houston, TX",38543,,,
February 2024,"Export, Empty","Houston, TX",45198,,,
March 2024,"Export, Empty","Houston, TX",47867,,,
April 2024,"Export, Empty","Houston, TX",44109,,,
May 2024,"Export, Empty","Houston, TX",52147,,,
June 2024,"Export, Empty","Houston, TX",59447,,,
July 2024,"Export, Empty","Houston, TX",42378,,,
August 2024,"Export, Empty","Houston, TX",57029,,,
September 2024,"Export, Empty","Houston, TX",40983,,,
October 2024,"Export, Empty","Houston, TX",49971,,,
November 2024,"Export, Empty","Houston, TX",56184,,,
December 2024,"Export, Empty","Houston, TX",36494,,,
January 2025,"Export, Empty","Houston, TX",47165,,,
February 2025,"Export, Empty","Houston, TX",37955,,,
March 2025,"Export, Empty","Houston, TX",44346,,,
April 2025,"Export, Empty","Houston, TX",52446,,,
May 2025,"Export, Empty","Houston, TX",64377,,,
January 2019,"Export, Empty","Long Beach, CA",209870,,,
February 2019,"Export, Empty","Long Beach, CA",182731,,,
March 2019,"Export, Empty","Long Beach, CA",165313,,,
April 2019,"Export, Empty","Long Beach, CA",179721,,,
May 2019,"Export, Empty","Long Beach, CA",157592,,,
June 2019,"Export, Empty","Long Beach, CA",205497,,,
July 2019,"Export, Empty","Long Beach, CA",191914,,,
August 2019,"Export, Empty","Long Beach, CA",209078,,,
September 2019,"Export, Empty","Long Beach, CA",224215,,,
October 2019,"Export, Empty","Long Beach, CA",214574,,,
November 2019,"Export, Empty","Long Beach, CA",176730,,,
December 2019,"Export, Empty","Long Beach, CA",208852,,,
January 2020,"Export, Empty","Long Beach, CA",200807,,,
February 2020,"Export, Empty","Long Beach, CA",154986,,,
March 2020,"Export, Empty","Long Beach, CA",125300,,,
April 2020,"Export, Empty","Long Beach, CA",145931,,,
May 2020,"Export, Empty","Long Beach, CA",171841,,,
June 2020,"Export, Empty","Long Beach, CA",172628,,,
July 2020,"Export, Empty","Long Beach, CA",224918,,,
August 2020,"Export, Empty","Long Beach, CA",220951,,,
September 2020,"Export, Empty","Long Beach, CA",266071,,,
October 2020,"Export, Empty","Long Beach, CA",274988,,,
November 2020,"Export, Empty","Long Beach, CA",240447,,,
December 2020,"Export, Empty","Long Beach, CA",263852,,,
January 2021,"Export, Empty","Long Beach, CA",270221,,,
February 2021,"Export, Empty","Long Beach, CA",265431,,,
March 2021,"Export, Empty","Long Beach, CA",279016,,,
April 2021,"Export, Empty","Long Beach, CA",243392,,,
May 2021,"Export, Empty","Long Beach, CA",314070,,,
June 2021,"Export, Empty","Long Beach, CA",237615,,,
July 2021,"Export, Empty","Long Beach, CA",276363,,,
August 2021,"Export, Empty","Long Beach, CA",268505,,,
September 2021,"Export, Empty","Long Beach, CA",253964,,,
October 2021,"Export, Empty","Long Beach, CA",270373,,,
November 2021,"Export, Empty","Long Beach, CA",262184,,,
December 2021,"Export, Empty","Long Beach, CA",269184,,,
January 2022,"Export, Empty","Long Beach, CA",276058,,,
February 2022,"Export, Empty","Long Beach, CA",276673,,,
March 2022,"Export, Empty","Long Beach, CA",310094,,,
April 2022,"Export, Empty","Long Beach, CA",285145,,,
May 2022,"Export, Empty","Long Beach, CA",325105,,,
June 2022,"Export, Empty","Long Beach, CA",289788,,,
July 2022,"Export, Empty","Long Beach, CA",285370,,,
August 2022,"Export, Empty","Long Beach, CA",288558,,,
September 2022,"Export, Empty","Long Beach, CA",269519,,,
October 2022,"Export, Empty","Long Beach, CA",228225,,,
November 2022,"Export, Empty","Long Beach, CA",186546,,,
December 2022,"Export, Empty","Long Beach, CA",170698,,,
January 2023,"Export, Empty","Long Beach, CA",191458,,,
February 2023,"Export, Empty","Long Beach, CA",164529,,,
March 2023,"Export, Empty","Long Beach, CA",176907,,,
April 2023,"Export, Empty","Long Beach, CA",203127,,,
May 2023,"Export, Empty","Long Beach, CA",255725,,,
June 2023,"Export, Empty","Long Beach, CA",214128,,,
July 2023,"Export, Empty","Long Beach, CA",200096,,,
August 2023,"Export, Empty","Long Beach, CA",248198,,,
September 2023,"Export, Empty","Long Beach, CA",300807,,,
October 2023,"Export, Empty","Long Beach, CA",286960,,,
November 2023,"Export, Empty","Long Beach, CA",251833,,,
December 2023,"Export, Empty","Long Beach, CA",257166,,,
January 2024,"Export, Empty","Long Beach, CA",249169,,,
February 2024,"Export, Empty","Long Beach, CA",244470,,,
March 2024,"Export, Empty","Long Beach, CA",230750,,,
April 2024,"Export, Empty","Long Beach, CA",274223,,,
May 2024,"Export, Empty","Long Beach, CA",310542,,,
June 2024,"Export, Empty","Long Beach, CA",310542,,,
July 2024,"Export, Empty","Long Beach, CA",325503,,,
August 2024,"Export, Empty","Long Beach, CA",338750,,,
September 2024,"Export, Empty","Long Beach, CA",310829,,,
October 2024,"Export, Empty","Long Beach, CA",372136,,,
November 2024,"Export, Empty","Long Beach, CA",316944,,,
December 2024,"Export, Empty","Long Beach, CA",332855,,,
January 2025,"Export, Empty","Long Beach, CA",369205,,,
February 2025,"Export, Empty","Long Beach, CA",292293,,,
March 2025,"Export, Empty","Long Beach, CA",315619,,,
April 2025,"Export, Empty","Long Beach, CA",336456,,,
May 2025,"Export, Empty","Long Beach, CA",242471,,,
January 2019,"Export, Empty","Los Angeles, CA",261726,,,
February 2019,"Export, Empty","Los Angeles, CA",198201.5,,,
March 2019,"Export, Empty","Los Angeles, CA",180999.5,,,
April 2019,"Export, Empty","Los Angeles, CA",202589.7,,,
May 2019,"Export, Empty","Los Angeles, CA",220991.5,,,
June 2019,"Export, Empty","Los Angeles, CA",219635.25,,,
July 2019,"Export, Empty","Los Angeles, CA",263209,,,
August 2019,"Export, Empty","Los Angeles, CA",265711,,,
September 2019,"Export, Empty","Los Angeles, CA",234453.5,,,
October 2019,"Export, Empty","Los Angeles, CA",227431.5,,,
November 2019,"Export, Empty","Los Angeles, CA",209935.75,,,
December 2019,"Export, Empty","Los Angeles, CA",232727,,,
January 2020,"Export, Empty","Los Angeles, CA",232176.25,,,
February 2020,"Export, Empty","Los Angeles, CA",130833.75,,,
March 2020,"Export, Empty","Los Angeles, CA",96815,,,
April 2020,"Export, Empty","Los Angeles, CA",184491.75,,,
May 2020,"Export, Empty","Los Angeles, CA",170916.75,,,
June 2020,"Export, Empty","Los Angeles, CA",212632.75,,,
July 2020,"Export, Empty","Los Angeles, CA",272838.7,,,
August 2020,"Export, Empty","Los Angeles, CA",313379.25,,,
September 2020,"Export, Empty","Los Angeles, CA",276546.5,,,
October 2020,"Export, Empty","Los Angeles, CA",325980,,,
November 2020,"Export, Empty","Los Angeles, CA",292762.25,,,
December 2020,"Export, Empty","Los Angeles, CA",296265.75,,,
January 2021,"Export, Empty","Los Angeles, CA",278326.25,,,
February 2021,"Export, Empty","Los Angeles, CA",283952.75,,,
March 2021,"Export, Empty","Los Angeles, CA",341235,,,
April 2021,"Export, Empty","Los Angeles, CA",337836.25,,,
May 2021,"Export, Empty","Los Angeles, CA",361358.75,,,
June 2021,"Export, Empty","Los Angeles, CA",310810,,,
July 2021,"Export, Empty","Los Angeles, CA",329878.75,,,
August 2021,"Export, Empty","Los Angeles, CA",364211.5,,,
September 2021,"Export, Empty","Los Angeles, CA",358581,,,
October 2021,"Export, Empty","Los Angeles, CA",335679.05,,,
November 2021,"Export, Empty","Los Angeles, CA",323409.25,,,
December 2021,"Export, Empty","Los Angeles, CA",328193.85,,,
January 2022,"Export, Empty","Los Angeles, CA",336935.85,,,
February 2022,"Export, Empty","Los Angeles, CA",335510.95,,,
March 2022,"Export, Empty","Los Angeles, CA",349116.95,,,
April 2022,"Export, Empty","Los Angeles, CA",329215.3,,,
May 2022,"Export, Empty","Los Angeles, CA",340565.35,,,
June 2022,"Export, Empty","Los Angeles, CA",334454.45,,,
July 2022,"Export, Empty","Los Angeles, CA",340815.95,,,
August 2022,"Export, Empty","Los Angeles, CA",297328.75,,,
September 2022,"Export, Empty","Los Angeles, CA",286618,,,
October 2022,"Export, Empty","Los Angeles, CA",248044,,,
November 2022,"Export, Empty","Los Angeles, CA",237672.25,,,
December 2022,"Export, Empty","Los Angeles, CA",272481.25,,,
January 2023,"Export, Empty","Los Angeles, CA",244770,,,
February 2023,"Export, Empty","Los Angeles, CA",153859.5,,,
March 2023,"Export, Empty","Los Angeles, CA",199003,,,
April 2023,"Export, Empty","Los Angeles, CA",252024.25,,,
May 2023,"Export, Empty","Los Angeles, CA",265713.25,,,
June 2023,"Export, Empty","Los Angeles, CA",287609.75,,,
July 2023,"Export, Empty","Los Angeles, CA",209068.25,,,
August 2023,"Export, Empty","Los Angeles, CA",267045,,,
September 2023,"Export, Empty","Los Angeles, CA",233752.5,,,
October 2023,"Export, Empty","Los Angeles, CA",231934.25,,,
November 2023,"Export, Empty","Los Angeles, CA",266747.25,,,
December 2023,"Export, Empty","Los Angeles, CA",256092.25,,,
January 2024,"Export, Empty","Los Angeles, CA",287156.5,,,
February 2024,"Export, Empty","Los Angeles, CA",239776.5,,,
March 2024,"Export, Empty","Los Angeles, CA",218139.25,,,
April 2024,"Export, Empty","Los Angeles, CA",220109,,,
May 2024,"Export, Empty","Los Angeles, CA",235800,,,
June 2024,"Export, Empty","Los Angeles, CA",275944.25,,,
July 2024,"Export, Empty","Los Angeles, CA",323072.25,,,
August 2024,"Export, Empty","Los Angeles, CA",328154,,,
September 2024,"Export, Empty","Los Angeles, CA",340117.25,,,
October 2024,"Export, Empty","Los Angeles, CA",319057.5,,,
November 2024,"Export, Empty","Los Angeles, CA",301794.5,,,
December 2024,"Export, Empty","Los Angeles, CA",349820.5,,,
January 2025,"Export, Empty","Los Angeles, CA",326999,,,
February 2025,"Export, Empty","Los Angeles, CA",278972.5,,,
March 2025,"Export, Empty","Los Angeles, CA",268838.2,,,
April 2025,"Export, Empty","Los Angeles, CA",274528.5,,,
May 2025,"Export, Empty","Los Angeles, CA",240058.75,,,
January 2019,"Export, Empty","NWSA (Seattle & Tacoma, WA)",60043,,,
February 2019,"Export, Empty","NWSA (Seattle & Tacoma, WA)",44157,,,
March 2019,"Export, Empty","NWSA (Seattle & Tacoma, WA)",52437,,,
April 2019,"Export, Empty","NWSA (Seattle & Tacoma, WA)",56604,,,
May 2019,"Export, Empty","NWSA (Seattle & Tacoma, WA)",51252,,,
June 2019,"Export, Empty","NWSA (Seattle & Tacoma, WA)",59432,,,
July 2019,"Export, Empty","NWSA (Seattle & Tacoma, WA)",52580,,,
August 2019,"Export, Empty","NWSA (Seattle & Tacoma, WA)",58749,,,
September 2019,"Export, Empty","NWSA (Seattle & Tacoma, WA)",56313,,,
October 2019,"Export, Empty","NWSA (Seattle & Tacoma, WA)",49468,,,
November 2019,"Export, Empty","NWSA (Seattle & Tacoma, WA)",33655,,,
December 2019,"Export, Empty","NWSA (Seattle & Tacoma, WA)",43299,,,
January 2020,"Export, Empty","NWSA (Seattle & Tacoma, WA)",39248,,,
February 2020,"Export, Empty","NWSA (Seattle & Tacoma, WA)",39591,,,
March 2020,"Export, Empty","NWSA (Seattle & Tacoma, WA)",22167,,,
April 2020,"Export, Empty","NWSA (Seattle & Tacoma, WA)",23847,,,
May 2020,"Export, Empty","NWSA (Seattle & Tacoma, WA)",29583,,,
June 2020,"Export, Empty","NWSA (Seattle & Tacoma, WA)",40903,,,
July 2020,"Export, Empty","NWSA (Seattle & Tacoma, WA)",40352,,,
August 2020,"Export, Empty","NWSA (Seattle & Tacoma, WA)",46533,,,
September 2020,"Export, Empty","NWSA (Seattle & Tacoma, WA)",50494,,,
October 2020,"Export, Empty","NWSA (Seattle & Tacoma, WA)",51634,,,
November 2020,"Export, Empty","NWSA (Seattle & Tacoma, WA)",48668,,,
December 2020,"Export, Empty","NWSA (Seattle & Tacoma, WA)",52842,,,
January 2021,"Export, Empty","NWSA (Seattle & Tacoma, WA)",60251,,,
February 2021,"Export, Empty","NWSA (Seattle & Tacoma, WA)",47260,,,
March 2021,"Export, Empty","NWSA (Seattle & Tacoma, WA)",51242,,,
April 2021,"Export, Empty","NWSA (Seattle & Tacoma, WA)",55216,,,
May 2021,"Export, Empty","NWSA (Seattle & Tacoma, WA)",63425,,,
June 2021,"Export, Empty","NWSA (Seattle & Tacoma, WA)",72076,,,
July 2021,"Export, Empty","NWSA (Seattle & Tacoma, WA)",65369,,,
August 2021,"Export, Empty","NWSA (Seattle & Tacoma, WA)",69038,,,
September 2021,"Export, Empty","NWSA (Seattle & Tacoma, WA)",66547,,,
October 2021,"Export, Empty","NWSA (Seattle & Tacoma, WA)",66734,,,
November 2021,"Export, Empty","NWSA (Seattle & Tacoma, WA)",70693,,,
December 2021,"Export, Empty","NWSA (Seattle & Tacoma, WA)",58153,,,
January 2022,"Export, Empty","NWSA (Seattle & Tacoma, WA)",66679,,,
February 2022,"Export, Empty","NWSA (Seattle & Tacoma, WA)",69202,,,
March 2022,"Export, Empty","NWSA (Seattle & Tacoma, WA)",77788,,,
April 2022,"Export, Empty","NWSA (Seattle & Tacoma, WA)",56462,,,
May 2022,"Export, Empty","NWSA (Seattle & Tacoma, WA)",80774,,,
June 2022,"Export, Empty","NWSA (Seattle & Tacoma, WA)",69687,,,
July 2022,"Export, Empty","NWSA (Seattle & Tacoma, WA)",58837,,,
August 2022,"Export, Empty","NWSA (Seattle & Tacoma, WA)",62039,,,
September 2022,"Export, Empty","NWSA (Seattle & Tacoma, WA)",63348,,,
October 2022,"Export, Empty","NWSA (Seattle & Tacoma, WA)",64888,,,
November 2022,"Export, Empty","NWSA (Seattle & Tacoma, WA)",47675,,,
December 2022,"Export, Empty","NWSA (Seattle & Tacoma, WA)",47082,,,
January 2023,"Export, Empty","NWSA (Seattle & Tacoma, WA)",42356,,,
February 2023,"Export, Empty","NWSA (Seattle & Tacoma, WA)",42947,,,
March 2023,"Export, Empty","NWSA (Seattle & Tacoma, WA)",39022,,,
April 2023,"Export, Empty","NWSA (Seattle & Tacoma, WA)",36369,,,
May 2023,"Export, Empty","NWSA (Seattle & Tacoma, WA)",38038,,,
June 2023,"Export, Empty","NWSA (Seattle & Tacoma, WA)",41205,,,
July 2023,"Export, Empty","NWSA (Seattle & Tacoma, WA)",32454,,,
August 2023,"Export, Empty","NWSA (Seattle & Tacoma, WA)",36974,,,
September 2023,"Export, Empty","NWSA (Seattle & Tacoma, WA)",60746,,,
October 2023,"Export, Empty","NWSA (Seattle & Tacoma, WA)",48984,,,
November 2023,"Export, Empty","NWSA (Seattle & Tacoma, WA)",32597,,,
December 2023,"Export, Empty","NWSA (Seattle & Tacoma, WA)",41370,,,
January 2024,"Export, Empty","NWSA (Seattle & Tacoma, WA)",34547,,,
February 2024,"Export, Empty","NWSA (Seattle & Tacoma, WA)",38933,,,
March 2024,"Export, Empty","NWSA (Seattle & Tacoma, WA)",30647,,,
April 2024,"Export, Empty","NWSA (Seattle & Tacoma, WA)",37860,,,
May 2024,"Export, Empty","NWSA (Seattle & Tacoma, WA)",48778,,,
June 2024,"Export, Empty","NWSA (Seattle & Tacoma, WA)",57649,,,
July 2024,"Export, Empty","NWSA (Seattle & Tacoma, WA)",53779,,,
August 2024,"Export, Empty","NWSA (Seattle & Tacoma, WA)",68265,,,
September 2024,"Export, Empty","NWSA (Seattle & Tacoma, WA)",69330,,,
October 2024,"Export, Empty","NWSA (Seattle & Tacoma, WA)",58035,,,
November 2024,"Export, Empty","NWSA (Seattle & Tacoma, WA)",59965,,,
December 2024,"Export, Empty","NWSA (Seattle & Tacoma, WA)",54573,,,
January 2025,"Export, Empty","NWSA (Seattle & Tacoma, WA)",51080,,,
February 2025,"Export, Empty","NWSA (Seattle & Tacoma, WA)",51521,,,
March 2025,"Export, Empty","NWSA (Seattle & Tacoma, WA)",65417,,,
April 2025,"Export, Empty","NWSA (Seattle & Tacoma, WA)",50345,,,
May 2025,"Export, Empty","NWSA (Seattle & Tacoma, WA)",46735,,,
January 2019,"Export, Empty","Oakland, CA",39769,,,
February 2019,"Export, Empty","Oakland, CA",33662,,,
March 2019,"Export, Empty","Oakland, CA",30533,,,
April 2019,"Export, Empty","Oakland, CA",36357,,,
May 2019,"Export, Empty","Oakland, CA",42363,,,
June 2019,"Export, Empty","Oakland, CA",35113,,,
July 2019,"Export, Empty","Oakland, CA",36266,,,
August 2019,"Export, Empty","Oakland, CA",44938,,,
September 2019,"Export, Empty","Oakland, CA",37332,,,
October 2019,"Export, Empty","Oakland, CA",23234,,,
November 2019,"Export, Empty","Oakland, CA",19743,,,
December 2019,"Export, Empty","Oakland, CA",23668,,,
January 2020,"Export, Empty","Oakland, CA",29334,,,
February 2020,"Export, Empty","Oakland, CA",20520,,,
March 2020,"Export, Empty","Oakland, CA",17282,,,
April 2020,"Export, Empty","Oakland, CA",19981,,,
May 2020,"Export, Empty","Oakland, CA",25444,,,
June 2020,"Export, Empty","Oakland, CA",30007,,,
July 2020,"Export, Empty","Oakland, CA",39651,,,
August 2020,"Export, Empty","Oakland, CA",41215,,,
September 2020,"Export, Empty","Oakland, CA",41440,,,
October 2020,"Export, Empty","Oakland, CA",29000,,,
November 2020,"Export, Empty","Oakland, CA",23647,,,
December 2020,"Export, Empty","Oakland, CA",27718,,,
January 2021,"Export, Empty","Oakland, CA",36428,,,
February 2021,"Export, Empty","Oakland, CA",28301,,,
March 2021,"Export, Empty","Oakland, CA",28624,,,
April 2021,"Export, Empty","Oakland, CA",25659,,,
May 2021,"Export, Empty","Oakland, CA",40113,,,
June 2021,"Export, Empty","Oakland, CA",40229,,,
July 2021,"Export, Empty","Oakland, CA",34594,,,
August 2021,"Export, Empty","Oakland, CA",40670,,,
September 2021,"Export, Empty","Oakland, CA",27234,,,
October 2021,"Export, Empty","Oakland, CA",26412,,,
November 2021,"Export, Empty","Oakland, CA",21911,,,
December 2021,"Export, Empty","Oakland, CA",23229,,,
January 2022,"Export, Empty","Oakland, CA",35775,,,
February 2022,"Export, Empty","Oakland, CA",32135,,,
March 2022,"Export, Empty","Oakland, CA",36832,,,
April 2022,"Export, Empty","Oakland, CA",20365,,,
May 2022,"Export, Empty","Oakland, CA",35188,,,
June 2022,"Export, Empty","Oakland, CA",40408,,,
July 2022,"Export, Empty","Oakland, CA",31542,,,
August 2022,"Export, Empty","Oakland, CA",43443,,,
September 2022,"Export, Empty","Oakland, CA",37660,,,
October 2022,"Export, Empty","Oakland, CA",40744,,,
November 2022,"Export, Empty","Oakland, CA",38481,,,
December 2022,"Export, Empty","Oakland, CA",25741,,,
January 2023,"Export, Empty","Oakland, CA",38013.5,,,
February 2023,"Export, Empty","Oakland, CA",25460.5,,,
March 2023,"Export, Empty","Oakland, CA",26224,,,
April 2023,"Export, Empty","Oakland, CA",24754.25,,,
May 2023,"Export, Empty","Oakland, CA",28315,,,
June 2023,"Export, Empty","Oakland, CA",23878.75,,,
July 2023,"Export, Empty","Oakland, CA",31178.75,,,
August 2023,"Export, Empty","Oakland, CA",30579,,,
September 2023,"Export, Empty","Oakland, CA",26429,,,
October 2023,"Export, Empty","Oakland, CA",22775,,,
November 2023,"Export, Empty","Oakland, CA",19613,,,
December 2023,"Export, Empty","Oakland, CA",21655,,,
January 2024,"Export, Empty","Oakland, CA",28694,,,
February 2024,"Export, Empty","Oakland, CA",23633,,,
March 2024,"Export, Empty","Oakland, CA",23728,,,
April 2024,"Export, Empty","Oakland, CA",29375,,,
May 2024,"Export, Empty","Oakland, CA",33389.75,,,
June 2024,"Export, Empty","Oakland, CA",32244,,,
July 2024,"Export, Empty","Oakland, CA",34342.75,,,
August 2024,"Export, Empty","Oakland, CA",38507,,,
September 2024,"Export, Empty","Oakland, CA",35337,,,
October 2024,"Export, Empty","Oakland, CA",29749.5,,,
November 2024,"Export, Empty","Oakland, CA",22495,,,
December 2024,"Export, Empty","Oakland, CA",27500.75,,,
January 2025,"Export, Empty","Oakland, CA",34363,,,
February 2025,"Export, Empty","Oakland, CA",30343,,,
March 2025,"Export, Empty","Oakland, CA",34823,,,
April 2025,"Export, Empty","Oakland, CA",27373.5,,,
May 2025,"Export, Empty","Oakland, CA",26779,,,
January 2019,"Export, Empty",Port of NY & NJ,182337,,,
February 2019,"Export, Empty",Port of NY & NJ,175358,,,
March 2019,"Export, Empty",Port of NY & NJ,170777,,,
April 2019,"Export, Empty",Port of NY & NJ,174577,,,
May 2019,"Export, Empty",Port of NY & NJ,169448,,,
June 2019,"Export, Empty",Port of NY & NJ,185055,,,
July 2019,"Export, Empty",Port of NY & NJ,206251,,,
August 2019,"Export, Empty",Port of NY & NJ,207875,,,
September 2019,"Export, Empty",Port of NY & NJ,191143,,,
October 2019,"Export, Empty",Port of NY & NJ,198173,,,
November 2019,"Export, Empty",Port of NY & NJ,177744,,,
December 2019,"Export, Empty",Port of NY & NJ,183467,,,
January 2020,"Export, Empty",Port of NY & NJ,173892,,,
February 2020,"Export, Empty",Port of NY & NJ,163564,,,
March 2020,"Export, Empty",Port of NY & NJ,150702,,,
April 2020,"Export, Empty",Port of NY & NJ,177254,,,
May 2020,"Export, Empty",Port of NY & NJ,174942,,,
June 2020,"Export, Empty",Port of NY & NJ,146701,,,
July 2020,"Export, Empty",Port of NY & NJ,175859,,,
August 2020,"Export, Empty",Port of NY & NJ,216430,,,
September 2020,"Export, Empty",Port of NY & NJ,229523,,,
October 2020,"Export, Empty",Port of NY & NJ,231741,,,
November 2020,"Export, Empty",Port of NY & NJ,233904,,,
December 2020,"Export, Empty",Port of NY & NJ,243938,,,
January 2021,"Export, Empty",Port of NY & NJ,239509,,,
February 2021,"Export, Empty",Port of NY & NJ,193956,,,
March 2021,"Export, Empty",Port of NY & NJ,267542,,,
April 2021,"Export, Empty",Port of NY & NJ,229295,,,
May 2021,"Export, Empty",Port of NY & NJ,263257,,,
June 2021,"Export, Empty",Port of NY & NJ,247964,,,
July 2021,"Export, Empty",Port of NY & NJ,250952,,,
August 2021,"Export, Empty",Port of NY & NJ,275492,,,
September 2021,"Export, Empty",Port of NY & NJ,243367,,,
October 2021,"Export, Empty",Port of NY & NJ,275389,,,
November 2021,"Export, Empty",Port of NY & NJ,257190,,,
December 2021,"Export, Empty",Port of NY & NJ,269244,,,
January 2022,"Export, Empty",Port of NY & NJ,264475,,,
February 2022,"Export, Empty",Port of NY & NJ,269253,,,
March 2022,"Export, Empty",Port of NY & NJ,298515,,,
April 2022,"Export, Empty",Port of NY & NJ,273234,,,
May 2022,"Export, Empty",Port of NY & NJ,298977,,,
June 2022,"Export, Empty",Port of NY & NJ,307646,,,
July 2022,"Export, Empty",Port of NY & NJ,275554,,,
August 2022,"Export, Empty",Port of NY & NJ,303662,,,
September 2022,"Export, Empty",Port of NY & NJ,313762,,,
October 2022,"Export, Empty",Port of NY & NJ,295922,,,
November 2022,"Export, Empty",Port of NY & NJ,261325,,,
December 2022,"Export, Empty",Port of NY & NJ,204115,,,
January 2023,"Export, Empty",Port of NY & NJ,207643,,,
February 2023,"Export, Empty",Port of NY & NJ,182936,,,
March 2023,"Export, Empty",Port of NY & NJ,168936,,,
April 2023,"Export, Empty",Port of NY & NJ,214938,,,
May 2023,"Export, Empty",Port of NY & NJ,212995,,,
June 2023,"Export, Empty",Port of NY & NJ,194154,,,
July 2023,"Export, Empty",Port of NY & NJ,251140,,,
August 2023,"Export, Empty",Port of NY & NJ,206064,,,
September 2023,"Export, Empty",Port of NY & NJ,219407,,,
October 2023,"Export, Empty",Port of NY & NJ,247419,,,
November 2023,"Export, Empty",Port of NY & NJ,205633,,,
December 2023,"Export, Empty",Port of NY & NJ,200746,,,
January 2024,"Export, Empty",Port of NY & NJ,217878,,,
February 2024,"Export, Empty",Port of NY & NJ,196213,,,
March 2024,"Export, Empty",Port of NY & NJ,228312,,,
April 2024,"Export, Empty",Port of NY & NJ,235500,,,
May 2024,"Export, Empty",Port of NY & NJ,250070,,,
June 2024,"Export, Empty",Port of NY & NJ,228575,,,
July 2024,"Export, Empty",Port of NY & NJ,269026,,,
August 2024,"Export, Empty",Port of NY & NJ,276222,,,
September 2024,"Export, Empty",Port of NY & NJ,277247,,,
October 2024,"Export, Empty",Port of NY & NJ,235521,,,
November 2024,"Export, Empty",Port of NY & NJ,241930,,,
December 2024,"Export, Empty",Port of NY & NJ,225928,,,
January 2025,"Export, Empty",Port of NY & NJ,241751,,,
February 2025,"Export, Empty",Port of NY & NJ,233839,,,
March 2025,"Export, Empty",Port of NY & NJ,265493,,,
April 2025,"Export, Empty",Port of NY & NJ,241289,,,
May 2025,"Export, Empty",Port of NY & NJ,261200,,,
January 2019,"Export, Empty","Port of Virginia, VA",50538,,,
February 2019,"Export, Empty","Port of Virginia, VA",44038,,,
March 2019,"Export, Empty","Port of Virginia, VA",41712,,,
April 2019,"Export, Empty","Port of Virginia, VA",38580,,,
May 2019,"Export, Empty","Port of Virginia, VA",51173,,,
June 2019,"Export, Empty","Port of Virginia, VA",48622,,,
July 2019,"Export, Empty","Port of Virginia, VA",56696,,,
August 2019,"Export, Empty","Port of Virginia, VA",54405,,,
September 2019,"Export, Empty","Port of Virginia, VA",52766,,,
October 2019,"Export, Empty","Port of Virginia, VA",57427,,,
November 2019,"Export, Empty","Port of Virginia, VA",44992,,,
December 2019,"Export, Empty","Port of Virginia, VA",41854,,,
January 2020,"Export, Empty","Port of Virginia, VA",36656,,,
February 2020,"Export, Empty","Port of Virginia, VA",27918,,,
March 2020,"Export, Empty","Port of Virginia, VA",26347,,,
April 2020,"Export, Empty","Port of Virginia, VA",32605,,,
May 2020,"Export, Empty","Port of Virginia, VA",39940,,,
June 2020,"Export, Empty","Port of Virginia, VA",41841,,,
July 2020,"Export, Empty","Port of Virginia, VA",45384,,,
August 2020,"Export, Empty","Port of Virginia, VA",50160,,,
September 2020,"Export, Empty","Port of Virginia, VA",57704,,,
October 2020,"Export, Empty","Port of Virginia, VA",57644,,,
November 2020,"Export, Empty","Port of Virginia, VA",64844,,,
December 2020,"Export, Empty","Port of Virginia, VA",53175,,,
January 2021,"Export, Empty","Port of Virginia, VA",54730,,,
February 2021,"Export, Empty","Port of Virginia, VA",48494,,,
March 2021,"Export, Empty","Port of Virginia, VA",51092,,,
April 2021,"Export, Empty","Port of Virginia, VA",50909,,,
May 2021,"Export, Empty","Port of Virginia, VA",67970,,,
June 2021,"Export, Empty","Port of Virginia, VA",61369,,,
July 2021,"Export, Empty","Port of Virginia, VA",66842,,,
August 2021,"Export, Empty","Port of Virginia, VA",75925,,,
September 2021,"Export, Empty","Port of Virginia, VA",70928,,,
October 2021,"Export, Empty","Port of Virginia, VA",79085,,,
November 2021,"Export, Empty","Port of Virginia, VA",60746,,,
December 2021,"Export, Empty","Port of Virginia, VA",74265,,,
January 2022,"Export, Empty","Port of Virginia, VA",61715,,,
February 2022,"Export, Empty","Port of Virginia, VA",58881,,,
March 2022,"Export, Empty","Port of Virginia, VA",66771,,,
April 2022,"Export, Empty","Port of Virginia, VA",78724,,,
May 2022,"Export, Empty","Port of Virginia, VA",71083,,,
June 2022,"Export, Empty","Port of Virginia, VA",73626,,,
July 2022,"Export, Empty","Port of Virginia, VA",78364.5,,,
August 2022,"Export, Empty","Port of Virginia, VA",80410,,,
September 2022,"Export, Empty","Port of Virginia, VA",80598,,,
October 2022,"Export, Empty","Port of Virginia, VA",81108,,,
November 2022,"Export, Empty","Port of Virginia, VA",66017,,,
December 2022,"Export, Empty","Port of Virginia, VA",53603,,,
January 2023,"Export, Empty","Port of Virginia, VA",54223,,,
February 2023,"Export, Empty","Port of Virginia, VA",47129.25,,,
March 2023,"Export, Empty","Port of Virginia, VA",38912,,,
April 2023,"Export, Empty","Port of Virginia, VA",41249.5,,,
May 2023,"Export, Empty","Port of Virginia, VA",45367.5,,,
June 2023,"Export, Empty","Port of Virginia, VA",53234.5,,,
July 2023,"Export, Empty","Port of Virginia, VA",64531,,,
August 2023,"Export, Empty","Port of Virginia, VA",58051,,,
September 2023,"Export, Empty","Port of Virginia, VA",57092,,,
October 2023,"Export, Empty","Port of Virginia, VA",64675,,,
November 2023,"Export, Empty","Port of Virginia, VA",44485,,,
December 2023,"Export, Empty","Port of Virginia, VA",49891,,,
January 2024,"Export, Empty","Port of Virginia, VA",50524,,,
February 2024,"Export, Empty","Port of Virginia, VA",46877,,,
March 2024,"Export, Empty","Port of Virginia, VA",51383,,,
April 2024,"Export, Empty","Port of Virginia, VA",61355,,,
May 2024,"Export, Empty","Port of Virginia, VA",71788,,,
June 2024,"Export, Empty","Port of Virginia, VA",68770,,,
July 2024,"Export, Empty","Port of Virginia, VA",63295,,,
August 2024,"Export, Empty","Port of Virginia, VA",62271,,,
September 2024,"Export, Empty","Port of Virginia, VA",63987,,,
October 2024,"Export, Empty","Port of Virginia, VA",56341,,,
November 2024,"Export, Empty","Port of Virginia, VA",53773,,,
December 2024,"Export, Empty","Port of Virginia, VA",51241,,,
January 2025,"Export, Empty","Port of Virginia, VA",56732,,,
February 2025,"Export, Empty","Port of Virginia, VA",43524,,,
March 2025,"Export, Empty","Port of Virginia, VA",54752,,,
April 2025,"Export, Empty","Port of Virginia, VA",61405.75,,,
May 2025,"Export, Empty","Port of Virginia, VA",57751,,,
January 2019,"Export, Empty","Savannah, GA",93907,,,
February 2019,"Export, Empty","Savannah, GA",52633,,,
March 2019,"Export, Empty","Savannah, GA",59089,,,
April 2019,"Export, Empty","Savannah, GA",51707,,,
May 2019,"Export, Empty","Savannah, GA",58461,,,
June 2019,"Export, Empty","Savannah, GA",69056,,,
July 2019,"Export, Empty","Savannah, GA",66491,,,
August 2019,"Export, Empty","Savannah, GA",89076,,,
September 2019,"Export, Empty","Savannah, GA",69683,,,
October 2019,"Export, Empty","Savannah, GA",93250,,,
November 2019,"Export, Empty","Savannah, GA",62592,,,
December 2019,"Export, Empty","Savannah, GA",68002,,,
January 2020,"Export, Empty","Savannah, GA",60000,,,
February 2020,"Export, Empty","Savannah, GA",57404,,,
March 2020,"Export, Empty","Savannah, GA",36685,,,
April 2020,"Export, Empty","Savannah, GA",42486,,,
May 2020,"Export, Empty","Savannah, GA",52664,,,
June 2020,"Export, Empty","Savannah, GA",52357,,,
July 2020,"Export, Empty","Savannah, GA",55175,,,
August 2020,"Export, Empty","Savannah, GA",92615,,,
September 2020,"Export, Empty","Savannah, GA",89992,,,
October 2020,"Export, Empty","Savannah, GA",107878,,,
November 2020,"Export, Empty","Savannah, GA",111707,,,
December 2020,"Export, Empty","Savannah, GA",111791,,,
January 2021,"Export, Empty","Savannah, GA",110099,,,
February 2021,"Export, Empty","Savannah, GA",86410,,,
March 2021,"Export, Empty","Savannah, GA",107260,,,
April 2021,"Export, Empty","Savannah, GA",96966,,,
May 2021,"Export, Empty","Savannah, GA",102111,,,
June 2021,"Export, Empty","Savannah, GA",109146,,,
July 2021,"Export, Empty","Savannah, GA",99370,,,
August 2021,"Export, Empty","Savannah, GA",126362,,,
September 2021,"Export, Empty","Savannah, GA",127131,,,
October 2021,"Export, Empty","Savannah, GA",129724,,,
November 2021,"Export, Empty","Savannah, GA",152883,,,
December 2021,"Export, Empty","Savannah, GA",139563,,,
January 2022,"Export, Empty","Savannah, GA",132604,,,
February 2022,"Export, Empty","Savannah, GA",132268,,,
March 2022,"Export, Empty","Savannah, GA",118971,,,
April 2022,"Export, Empty","Savannah, GA",116946,,,
May 2022,"Export, Empty","Savannah, GA",137907,,,
June 2022,"Export, Empty","Savannah, GA",131096,,,
July 2022,"Export, Empty","Savannah, GA",151537,,,
August 2022,"Export, Empty","Savannah, GA",160438,,,
September 2022,"Export, Empty","Savannah, GA",121737,,,
October 2022,"Export, Empty","Savannah, GA",168147,,,
November 2022,"Export, Empty","Savannah, GA",132793,,,
December 2022,"Export, Empty","Savannah, GA",111448,,,
January 2023,"Export, Empty","Savannah, GA",97956,,,
February 2023,"Export, Empty","Savannah, GA",96732,,,
March 2023,"Export, Empty","Savannah, GA",75239,,,
April 2023,"Export, Empty","Savannah, GA",88159,,,
May 2023,"Export, Empty","Savannah, GA",90616,,,
June 2023,"Export, Empty","Savannah, GA",85290,,,
July 2023,"Export, Empty","Savannah, GA",107618,,,
August 2023,"Export, Empty","Savannah, GA",106586,,,
September 2023,"Export, Empty","Savannah, GA",106586,,,
October 2023,"Export, Empty","Savannah, GA",113435,,,
November 2023,"Export, Empty","Savannah, GA",94125,,,
December 2023,"Export, Empty","Savannah, GA",98382,,,
January 2024,"Export, Empty","Savannah, GA",103229,,,
February 2024,"Export, Empty","Savannah, GA",107904,,,
March 2024,"Export, Empty","Savannah, GA",92167,,,
April 2024,"Export, Empty","Savannah, GA",99091,,,
May 2024,"Export, Empty","Savannah, GA",129032,,,
June 2024,"Export, Empty","Savannah, GA",101232,,,
July 2024,"Export, Empty","Savannah, GA",126311,,,
August 2024,"Export, Empty","Savannah, GA",122919,,,
September 2024,"Export, Empty","Savannah, GA",109634,,,
October 2024,"Export, Empty","Savannah, GA",151092,,,
November 2024,"Export, Empty","Savannah, GA",129657,,,
December 2024,"Export, Empty","Savannah, GA",105273,,,
January 2025,"Export, Empty","Savannah, GA",112345,,,
February 2025,"Export, Empty","Savannah, GA",113762,,,
March 2025,"Export, Empty","Savannah, GA",118901,,,
April 2025,"Export, Empty","Savannah, GA",132981,,,
May 2025,"Export, Empty","Savannah, GA",138142,,,
June 2025,"Export, Empty","Houston, TX",36625,,,
June 2025,"Export, Empty","Long Beach, CA",254997,,,
June 2025,"Export, Empty","Los Angeles, CA",295597.75,,,
June 2025,"Export, Empty","NWSA (Seattle & Tacoma, WA)",51847,,,
June 2025,"Export, Empty","Oakland, CA",28133,,,
June 2025,"Export, Empty","Port of Virginia, VA",46191,,,
June 2025,"Export, Empty",Port of NY & NJ,218791,,,
June 2025,"Export, Empty","Savannah, GA",98135,,,
June 2025,"Export, Empty","Charleston, SC",52054,,,
July 2025,"Import, Loaded",Port of NY & NJ,420131,,,
July 2025,"Export, Loaded",Port of NY & NJ,121999,,,
July 2025,"Import, Empty",Port of NY & NJ,1228,,,
July 2025,"Export, Empty",Port of NY & NJ,250910,,,
July 2025,"Import, Loaded","Charleston, SC",105870,,,
July 2025,"Export, Loaded","Charleston, SC",49390,,,
July 2025,"Import, Empty","Charleston, SC",1495,,,
July 2025,"Export, Empty","Charleston, SC",56422,,,
August 2025,"Import, Loaded","Charleston, SC",110697,,,
August 2025,"Export, Loaded","Charleston, SC",52564,,,
August 2025,"Import, Empty","Charleston, SC",3213,,,
August 2025,"Export, Empty","Charleston, SC",63676,,,
July 2025,"Import, Loaded","Savannah, GA",239584,,,
July 2025,"Export, Loaded","Savannah, GA",106741,,,
July 2025,"Import, Empty","Savannah, GA",3673,,,
July 2025,"Export, Empty","Savannah, GA",126691,,,
July 2025,"Import, Loaded","Houston, TX",187367,,,
July 2025,"Export, Loaded","Houston, TX",133137,,,
July 2025,"Import, Empty","Houston, TX",23566,,,
July 2025,"Export, Empty","Houston, TX",48759,,,
August 2025,"Import, Loaded","Houston, TX",169631,,,
August 2025,"Export, Loaded","Houston, TX",138351,,,
August 2025,"Import, Empty","Houston, TX",17998,,,
August 2025,"Export, Empty","Houston, TX",44450,,,
July 2025,"Import, Loaded","Long Beach, CA",468081,,,
July 2025,"Export, Loaded","Long Beach, CA",91328,,,
July 2025,"Import, Empty","Long Beach, CA",13474,,,
July 2025,"Export, Empty","Long Beach, CA",371350,,,
August 2025,"Import, Loaded","Long Beach, CA",440318,,,
August 2025,"Export, Loaded","Long Beach, CA",95960,,,
August 2025,"Import, Empty","Long Beach, CA",15007,,,
August 2025,"Export, Empty","Long Beach, CA",350560,,,
July 2025,"Import, Loaded","Los Angeles, CA",543727.8,,,
July 2025,"Export, Loaded","Los Angeles, CA",121507,,,
July 2025,"Import, Empty","Los Angeles, CA",503,,,
July 2025,"Export, Empty","Los Angeles, CA",354099.5,,,
August 2025,"Import, Loaded","Los Angeles, CA",504514.25,,,
August 2025,"Export, Loaded","Los Angeles, CA",127378.75,,,
August 2025,"Import, Empty","Los Angeles, CA",456.65,,,
August 2025,"Export, Empty","Los Angeles, CA",326005.5,,,
July 2025,"Import, Loaded","Oakland, CA",92392,,,
July 2025,"Export, Loaded","Oakland, CA",65595,,,
July 2025,"Import, Empty","Oakland, CA",11793,,,
July 2025,"Export, Empty","Oakland, CA",33367,,,
August 2025,"Import, Loaded","Oakland, CA",82245,,,
August 2025,"Export, Loaded","Oakland, CA",62477,,,
August 2025,"Import, Empty","Oakland, CA",11169,,,
August 2025,"Export, Empty","Oakland, CA",36423,,,
July 2025,"Import, Loaded","NWSA (Seattle & Tacoma, WA)",97683,,,
July 2025,"Export, Loaded","NWSA (Seattle & Tacoma, WA)",44303,,,
July 2025,"Import, Empty","NWSA (Seattle & Tacoma, WA)",8312,,,
July 2025,"Export, Empty","NWSA (Seattle & Tacoma, WA)",33913,,,
August 2025,"Import, Loaded","NWSA (Seattle & Tacoma, WA)",93003,,,
August 2025,"Export, Loaded","NWSA (Seattle & Tacoma, WA)",42098,,,
August 2025,"Import, Empty","NWSA (Seattle & Tacoma, WA)",2495,,,
August 2025,"Export, Empty","NWSA (Seattle & Tacoma, WA)",50707,,,
July 2025,"Import, Loaded","Port of Virginia, VA",128652,,,
July 2025,"Export, Loaded","Port of Virginia, VA",81132,,,
July 2025,"Import, Empty","Port of Virginia, VA",1842,,,
July 2025,"Export, Empty","Port of Virginia, VA",47612,,,
August 2025,"Import, Loaded","Port of Virginia, VA",140055,,,
August 2025,"Export, Loaded","Port of Virginia, VA",85360,,,
August 2025,"Import, Empty","Port of Virginia, VA",2740,,,
August 2025,"Export, Empty","Port of Virginia, VA",63242,,,
September 2025,"Import, Loaded","Los Angeles, CA",460043.75,,,
September 2025,"Export, Loaded","Los Angeles, CA",114693,,,
September 2025,"Import, Empty","Los Angeles, CA",276,,,
September 2025,"Export, Empty","Los Angeles, CA",308040.5,,,
October 2025,"Import, Loaded","Los Angeles, CA",429279.75,,,
October 2025,"Export, Loaded","Los Angeles, CA",123764.25,,,
October 2025,"Import, Empty","Los Angeles, CA",21,,,
October 2025,"Export, Empty","Los Angeles, CA",295359.25,,,
September 2025,"Import, Loaded","Port of Virginia, VA",128630,,,
September 2025,"Export, Loaded","Port of Virginia, VA",82709,,,
September 2025,"Import, Empty","Port of Virginia, VA",2419,,,
September 2025,"Export, Empty","Port of Virginia, VA",49840,,,
October 2025,"Import, Loaded","Port of Virginia, VA",123727,,,
October 2025,"Export, Loaded","Port of Virginia, VA",90564,,,
October 2025,"Import, Empty","Port of Virginia, VA",1931,,,
October 2025,"Export, Empty","Port of Virginia, VA",52907,,,
August 2025,"Import, Loaded",Port of NY & NJ,416009,,,
August 2025,"Export, Loaded",Port of NY & NJ,127552,,,
August 2025,"Import, Empty",Port of NY & NJ,1928,,,
August 2025,"Export, Empty",Port of NY & NJ,290356,,,
September 2025,"Import, Loaded","Charleston, SC",102366,,,
September 2025,"Export, Loaded","Charleston, SC",48513,,,
September 2025,"Import, Empty","Charleston, SC",713,,,
September 2025,"Export, Empty","Charleston, SC",60772,,,
August 2025,"Import, Loaded","Savannah, GA",262050,,,
August 2025,"Export, Loaded","Savannah, GA",112548,,,
August 2025,"Import, Empty","Savannah, GA",5164,,,
August 2025,"Export, Empty","Savannah, GA",154276,,,
September 2025,"Import, Loaded","Savannah, GA",239596,,,
September 2025,"Export, Loaded","Savannah, GA",115719,,,
September 2025,"Import, Empty","Savannah, GA",3250,,,
September 2025,"Export, Empty","Savannah, GA",127427,,,
October 2025,"Import, Loaded","Savannah, GA",219528,,,
October 2025,"Export, Loaded","Savannah, GA",116769,,,
October 2025,"Import, Empty","Savannah, GA",3138,,,
October 2025,"Export, Empty","Savannah, GA",113500,,,
September 2025,"Import, Loaded","Houston, TX",150526,,,
September 2025,"Export, Loaded","Houston, TX",129067,,,
September 2025,"Import, Empty","Houston, TX",15284,,,
September 2025,"Export, Empty","Houston, TX",42782,,,
October 2025,"Import, Loaded","Houston, TX",164448,,,
October 2025,"Export, Loaded","Houston, TX",140469,,,
October 2025,"Import, Empty","Houston, TX",21572,,,
October 2025,"Export, Empty","Houston, TX",39284,,,
September 2025,"Import, Loaded","Long Beach, CA",388084,,,
September 2025,"Export, Loaded","Long Beach, CA",85081,,,
September 2025,"Import, Empty","Long Beach, CA",15390,,,
September 2025,"Export, Empty","Long Beach, CA",308982,,,
October 2025,"Import, Loaded","Long Beach, CA",401915,,,
October 2025,"Export, Loaded","Long Beach, CA",99817,,,
October 2025,"Import, Empty","Long Beach, CA",15326,,,
October 2025,"Export, Empty","Long Beach, CA",322615,,,
September 2025,"Import, Loaded","Oakland, CA",75716.25,,,
September 2025,"Export, Loaded","Oakland, CA",60123,,,
September 2025,"Import, Empty","Oakland, CA",11229,,,
September 2025,"Export, Empty","Oakland, CA",31873,,,
October 2025,"Import, Loaded","Oakland, CA",82195,,,
October 2025,"Export, Loaded","Oakland, CA",66195,,,
October 2025,"Import, Empty","Oakland, CA",14035,,,
October 2025,"Export, Empty","Oakland, CA",20454,,,
September 2025,"Import, Loaded","NWSA (Seattle & Tacoma, WA)",105932,,,
September 2025,"Export, Loaded","NWSA (Seattle & Tacoma, WA)",56605,,,
September 2025,"Import, Empty","NWSA (Seattle & Tacoma, WA)",6264,,,
September 2025,"Export, Empty","NWSA (Seattle & Tacoma, WA)",52152,,,
October 2025,"Import, Loaded","NWSA (Seattle & Tacoma, WA)",80323,,,
October 2025,"Export, Loaded","NWSA (Seattle & Tacoma, WA)",50133,,,
October 2025,"Import, Empty","NWSA (Seattle & Tacoma, WA)",7619,,,
October 2025,"Export, Empty","NWSA (Seattle & Tacoma, WA)",39511,,,
October 2025,"Import, Loaded","Charleston, SC",101324,,,
October 2025,"Export, Loaded","Charleston, SC",53884,,,
October 2025,"Import, Empty","Charleston, SC",887,,,
October 2025,"Export, Empty","Charleston, SC",50764,,,
November 2025,"Import, Loaded","Charleston, SC",95214,,,
November 2025,"Export, Loaded","Charleston, SC",51124,,,
November 2025,"Import, Empty","Charleston, SC",50611,,,
November 2025,"Export, Empty","Charleston, SC",993,,,
September 2025,"Import, Loaded",Port of NY & NJ,363790,,,
September 2025,"Export, Loaded",Port of NY & NJ,120796,,,
September 2025,"Import, Empty",Port of NY & NJ,1433,,,
September 2025,"Export, Empty",Port of NY & NJ,254235,,,
October 2025,"Import, Loaded",Port of NY & NJ,368439,,,
October 2025,"Export, Loaded",Port of NY & NJ,126644,,,
October 2025,"Import, Empty",Port of NY & NJ,2338,,,
October 2025,"Export, Empty",Port of NY & NJ,229638,,,
November 2025,"Import, Loaded",Port of NY & NJ,382286,,,
November 2025,"Export, Loaded",Port of NY & NJ,126838,,,
November 2025,"Import, Empty",Port of NY & NJ,1735,,,
November 2025,"Export, Empty",Port of NY & NJ,219493,,,
November 2025,"Import, Loaded","Savannah, GA",222775,,,
November 2025,"Export, Loaded","Savannah, GA",112132,,,
November 2025,"Import, Empty","Savannah, GA",3109,,,
November 2025,"Export, Empty","Savannah, GA",105317,,,
November 2025,"Import, Loaded","Houston, TX",143426,,,
November 2025,"Export, Loaded","Houston, TX",132576,,,
November 2025,"Import, Empty","Houston, TX",29801,,,
November 2025,"Export, Empty","Houston, TX",29472,,,
November 2025,"Import, Loaded","Long Beach, CA",400505,,,
November 2025,"Export, Loaded","Long Beach, CA",110122,,,
November 2025,"Import, Empty","Long Beach, CA",17122,,,
November 2025,"Export, Empty","Long Beach, CA",289812,,,
December 2025,"Import, Loaded","Long Beach, CA",392153,,,
December 2025,"Export, Loaded","Long Beach, CA",102443,,,
December 2025,"Import, Empty","Long Beach, CA",14016,,,
December 2025,"Export, Empty","Long Beach, CA",325506,,,
November 2025,"Import, Loaded","Los Angeles, CA",406421,,,
November 2025,"Export, Loaded","Los Angeles, CA",113706.25,,,
November 2025,"Import, Empty","Los Angeles, CA",69.5,,,
November 2025,"Export, Empty","Los Angeles, CA",262052.25,,,
December 2025,"Import, Loaded","Los Angeles, CA",424498.75,,,
December 2025,"Export, Loaded","Los Angeles, CA",108074.75,,,
December 2025,"Import, Empty","Los Angeles, CA",12,,,
December 2025,"Export, Empty","Los Angeles, CA",259002.25,,,
November 2025,"Import, Loaded","Oakland, CA",73092,,,
November 2025,"Export, Loaded","Oakland, CA",68824,,,
November 2025,"Import, Empty","Oakland, CA",12398,,,
November 2025,"Export, Empty","Oakland, CA",19927,,,
December 2025,"Import, Loaded","Oakland, CA",74031,,,
December 2025,"Export, Loaded","Oakland, CA",66019,,,
December 2025,"Import, Empty","Oakland, CA",14667,,,
December 2025,"Export, Empty","Oakland, CA",24863,,,
November 2025,"Import, Loaded","NWSA (Seattle & Tacoma, WA)",87393,,,
November 2025,"Export, Loaded","NWSA (Seattle & Tacoma, WA)",53186,,,
November 2025,"Import, Empty","NWSA (Seattle & Tacoma, WA)",9108,,,
November 2025,"Export, Empty","NWSA (Seattle & Tacoma, WA)",44972,,,
November 2025,"Import, Loaded","Port of Virginia, VA",121736,,,
November 2025,"Export, Loaded","Port of Virginia, VA",94307,,,
November 2025,"Import, Empty","Port of Virginia, VA",1577,,,
November 2025,"Export, Empty","Port of Virginia, VA",32098,,,
December 2025,"Import, Loaded","Port of Virginia, VA",127602,,,
December 2025,"Export, Loaded","Port of Virginia, VA",85160,,,
December 2025,"Import, Empty","Port of Virginia, VA",2176,,,
December 2025,"Export, Empty","Port of Virginia, VA",50635,,,
December 2025,"Import, Loaded","Savannah, GA",221755,,,
December 2025,"Export, Loaded","Savannah, GA",110419,,,
December 2025,"Import, Empty","Savannah, GA",3116,,,
December 2025,"Export, Empty","Savannah, GA",104340,,,
December 2025,"Import, Loaded","NWSA (Seattle & Tacoma, WA)",88398,,,
December 2025,"Export, Loaded","NWSA (Seattle & Tacoma, WA)",55711,,,
December 2025,"Import, Empty","NWSA (Seattle & Tacoma, WA)",7570,,,
December 2025,"Export, Empty","NWSA (Seattle & Tacoma, WA)",36952,,,
December 2025,"Import, Loaded","Houston, TX",148369,,,
December 2025,"Export, Loaded","Houston, TX",131746,,,
December 2025,"Import, Empty","Houston, TX",16809,,,
December 2025,"Export, Empty","Houston, TX",34778,,,